index,frequency,type
CCOc1ccccc1,243,ring
OCCN,739,atom
[C@H](C)C,1218,ionic
c1ccc(OC,427,ring
)c(S,152,atom
(N),7760,atom
(=O)=O),3274,functional_group
c1,6628,ring
C[C@@H](,540,ionic
Oc1ccc2,133,ring
[nH]nc(,36,ionic
/,15806,atom
C=C/,6114,functional_group
c3cnn(CC,8,atom
O)c3,266,atom
)c2c1,339,ring
)c1,10595,ring
c(Cl)c,203,atom
ncc1,145,ring
Cl,2458,atom
O=P,1228,functional_group
(O)(O),917,atom
OCCC,115,atom
c1c[nH]c2ccccc12,271,ionic
CCCC(=O),209,functional_group
O[C@]1,52,ionic
(C(=O),1073,functional_group
COC(C),30,atom
=O),11174,functional_group
CC,3422,atom
[C@H]2[C@@H]3C,434,ionic
[C@H](F)C4,289,ionic
=CC(=O)C=C[C@]4(C)[C@@]3(F)[C@@H](O)C,461,functional_group
[C@@]2,3208,ionic
1C,3677,atom
CCC(=O)N(,591,functional_group
c1ccccc1,10647,ring
)C1,3788,ring
(C,1480,atom
OC),1123,atom
CCN(CC,1062,atom
n2nn,117,atom
n(CC,160,atom
)c2,2993,atom
CC1,2955,ring
CCOc1,490,ring
cc(CC(=O)N,169,functional_group
[C@@H](CC,1566,ionic
(C)C)c2ccccc2,155,atom
N,4437,atom
2CCCCC2,631,atom
)ccc1,323,ring
C(=O)O,4047,functional_group
CC(=O)N,1401,functional_group
C[C@H]1,1903,ionic
CN(,655,atom
c2ccc(N3CCOCC3,191,atom
)c(F)c2,334,atom
)C(=O)O1,381,functional_group
NCCCC,159,atom
CCCN,1085,atom
C(N,1567,atom
)N,1684,atom
O=,2918,functional_group
S,4820,atom
(CC(O),17,atom
=N,6424,functional_group
C/,792,atom
C=C,7824,functional_group
\,1834,atom
COc1cc(CN,53,ring
)cc,289,atom
n1)C,18,ring
c1ccc,55,ring
o,2838,atom
1,17013,atom
O,6541,atom
=CC,402,functional_group
[C@@H](O)[C@H](O),1225,ionic
[C@H](O)CO,705,ionic
CN1,2043,atom
CCN2,478,atom
c3n,624,atom
cccc3C,268,atom
c3ccccc3C2,219,atom
C1,2833,ring
Cc1[nH]c2ccccc2c1,122,ionic
CCN,1769,atom
Cc1ccc(,3046,ring
/C,3718,atom
(O),13066,atom
O)cc1,1780,ring
Cn1c(CN,12,ring
c2ccc(C,1056,atom
(=N)N,750,functional_group
)cc2,1675,atom
)nc2,379,atom
cc(C(=O)N,600,functional_group
(CCC(=O)O),259,functional_group
c3ccccn3),12,atom
ccc2,632,atom
NN,338,atom
CCc1ccccc1,602,ring
O=C,7745,functional_group
c1cc(,986,ring
-,23249,atom
c2ccc(F)cc2F),96,atom
ccc1O,172,ring
CN(C)CCCN1,749,atom
c2ccccc2S,466,atom
c2ccc(Cl)cc2,1036,atom
CCOC(=O),670,functional_group
C(,335,atom
c1c(O),351,ring
c2ccccc2,7282,atom
oc1,1278,ring
=O,5848,functional_group
Oc1,834,ring
c(Cl)cc(Cl,58,atom
)c(Cl)c1,229,ring
Cc1c(O),619,ring
)c1Cl,70,ring
Br,940,atom
c(N,1033,atom
C2=N,521,functional_group
2),1993,atom
nccn,340,atom
c12,1085,ring
CN(C)CCC,863,atom
=C1,1450,functional_group
CCc2ccccc2,943,atom
COc1cccc(,393,ring
[C@@]2(O),262,ionic
CCCC,3853,atom
[C@@H]2,4727,ionic
CN(C)C,1199,atom
C=CCn1,22,functional_group
c,8263,atom
(=O),9975,functional_group
c2[nH],727,ionic
c(C,1002,atom
c3ccc(NC,15,atom
(C),10163,atom
=O)cc3,103,functional_group
)n,1869,atom
c2n,2043,atom
(CCCC,154,atom
Cc1cccc(N,280,ring
c2ccncc2,365,atom
S(=O)(=O)NC(=O)N,875,functional_group
C(C)C,806,atom
CCO,1213,atom
CC(C),1719,atom
[N+]1(C),275,ionic
[C@H]2CC,801,ionic
[C@@H]1C,2299,ionic
[C@H](OC(=O),699,functional_group
C(CO),281,atom
)C2,1391,atom
CC[C@@]1(O),165,ionic
C(=O)OC,871,functional_group
c2c1,1389,ring
cc1,2602,ring
n(c2,165,atom
Cc2,574,atom
n,641,atom
c1ccc(O)cc1,1580,ring
c2,2294,atom
[Si](C)(C)C(C)(C)C,8,ionic
COc1,732,ring
cc,392,atom
n(C)c2,27,atom
c3c(,634,atom
ccc1,475,ring
OCO,1659,atom
3,6512,atom
I,1057,atom
c1cn,276,ring
[nH],2465,ionic
CC(C(=O)O),422,functional_group
c1ccc(,4454,ring
)c(F)c1,166,ring
Cn1,1470,ring
cc(C(=O),244,functional_group
[C@@H]2CC,1443,ionic
c3[nH]cnc3,124,ionic
C2,1446,atom
)c2ccccc2,1246,atom
COc1cc(Cc2cnc(N)nc2N,117,ring
)cc(OC)c1OC,179,ring
CN(C),1087,atom
CCCC1,1136,ring
(,5351,atom
c2ccc(F)cc2),683,atom
OC,4232,atom
cc(C#N,465,atom
)ccc2,1008,atom
nc1,266,ring
cc3,904,atom
c(cc1,1098,ring
CCN(C)CC1,60,ring
),5869,atom
OCCO3,25,atom
Cc1nc2,732,ring
c([nH],255,ionic
1),2004,atom
CCN(C(=O),1312,functional_group
c1ccc(NC(=O),258,functional_group
c3ccccc3,2857,atom
)cc1),239,ring
2,10025,atom
CC(O),1478,atom
S(=O)(=O),1497,functional_group
Cl)cc1,142,ring
CN1CCC,447,atom
[C@@H]1CC,1072,ionic
n1cc(C,77,ring
2=C(,86,functional_group
c3c[nH]c4ccccc34,44,ionic
)C(=O)N,1209,functional_group
C2=O),493,functional_group
C[N+]1,111,ionic
(CC(=O),110,functional_group
c2ccc(,2040,atom
)cc2),303,atom
[C@H](CO),917,ionic
C[C@@H]1C,528,ionic
[C@H](O,209,ionic
[C@@H]2O,517,ionic
[C@H](C)[C@@H](O),223,ionic
[C@H](N,2202,ionic
)[C@@H]2,146,ionic
O)C,928,atom
[C@](O)(C,313,ionic
[C@@H](O)C,1319,ionic
[C@H]3,2211,ionic
O[C@@H]3,236,ionic
1)C,395,atom
[C@H](O)[C@H]2,125,ionic
CNc1nc(,8,ring
c2cccc(NC(=O),14,functional_group
c3ccc(C,1051,atom
(=O)OC,109,functional_group
)cc3,1388,atom
cc(OC)c(OC)cc2,60,atom
n1,3346,ring
c2cccs2,205,atom
)CC1,4850,ring
(C)CCC,301,atom
(OC(=O)C,111,functional_group
(c2ccccc2,3149,atom
2)C1,642,ring
c1ncnc2,324,ring
CN(C,709,atom
c1cc2ccccc2,79,ring
n1C,54,ring
)C(=O),737,functional_group
c1ccc(N,1498,ring
)nc1,693,ring
OC[C@H]1O,365,ionic
[C@@H](N,1680,ionic
=C(O),1798,functional_group
N=C,1821,functional_group
c2ccccc2),1829,atom
[C@H](O)[C@@H](O)[C@@H]1O,415,ionic
CCC(C)C1,195,ring
(CC,1928,atom
)C(=O)NC(=O)NC1=O,1068,functional_group
Cc1cn,235,ring
c(C(=O)N,514,functional_group
C3CCCCC3,349,atom
)cn1,622,ring
CC(C)O,25,atom
[P,142,ionic
H],286,atom
(C)C,3075,atom
Cc1ccccc1,1292,ring
Nc1,1212,ring
c(Cl)cccc1,154,ring
CCc1nc(,94,ring
c2ccccc2)c(,334,atom
C=C(,286,functional_group
c1ccc(C,1784,ring
(=O)O),2464,functional_group
cc2,1718,atom
C,4181,atom
)C(C)(C),344,atom
CCC2(C)C,259,atom
O=S(=O)(,64,functional_group
c1cccc2,741,ring
c(O),1348,atom
nccc1,12,ring
2)N,256,atom
=N/,1169,functional_group
CCC[C@H](N,367,ionic
)C(=O)O,2262,functional_group
CO,2964,atom
CC1=C(C(=O),248,functional_group
O)N,771,atom
2C(=O),353,functional_group
[C@@H](NC(=O),238,functional_group
C(=N\,485,functional_group
OC)c3,35,atom
csc(N)n,224,atom
3),1251,atom
[C@H]2,3980,ionic
SC,1005,atom
c(C)c2,497,atom
n3,483,atom
=C,4437,functional_group
c(C)c,245,atom
c4,1563,atom
[Fe],104,metal
n3c(,121,atom
c(C)c(CC,44,atom
)c3,1227,atom
C=,1146,functional_group
2)C,734,atom
=,1628,functional_group
c2c(C,264,atom
)c(CC,92,atom
C(=O)O),1224,functional_group
c(n2,18,atom
4,1036,atom
CCN(CC)CC(=O)N,68,functional_group
c1c(C)cccc1C,147,ring
Cc1cccc(CN,63,ring
2CCN(C,239,atom
(c3ccccc3,471,atom
)c3ccc(Cl)cc3,69,atom
)CC2)c1,144,ring
Nc1ccc(,342,ring
S(=O)(=O)N,1530,functional_group
ccc,651,atom
n2)cc1,630,ring
C[C@]12CC[C@H]3[C@@H](CC,235,ionic
C4=C,35,functional_group
(Cl,209,atom
)C(=O)CC,19,functional_group
[C@@]4,1130,ionic
C)[C@@H]1CC,914,ionic
COc1ccc2,1111,ring
c3c1,818,ring
O[C@H]1C,119,ionic
[C@@H](O)C=C,450,functional_group
[C@@]3,811,ionic
CCN(C)C,439,atom
N[C@@H](CC,471,ionic
C(=O)N[C@@H](C,469,functional_group
O)C(=O)N,140,functional_group
CC(=O)O)C(=O)O,179,functional_group
CNC(=O)[C@H]1,23,functional_group
O[C@@H](,678,ionic
n2cnc3c(NC,38,atom
c4cccc(I)c4,23,atom
c(Cl)nc3,11,atom
[C@H](O)[C@@H]1O,661,ionic
O=C1CCC,14,functional_group
c2c(O),93,atom
cc(O),560,atom
c(Cl)c2,88,atom
C[C@@]1,83,ionic
c2cc(,888,atom
c3cncnc3,59,atom
)c(F)cc2,186,atom
F),1268,atom
CCSC,41,atom
COc1ccc(,1647,ring
Sc3ccccc3,359,atom
N(CCN(C)C)C(=O),148,functional_group
OC(C),1309,atom
=O)cc1,443,functional_group
Nc1cccc2,138,ring
1CC,877,atom
C(=O)N,1840,functional_group
C1=O),108,functional_group
C2=O,628,functional_group
CNC(=O)c1ccc2,10,functional_group
cc(,1382,atom
(O)CC,511,atom
n4cn,42,atom
cc4,290,atom
3)ccc2,69,atom
COC(=O),924,functional_group
CCNC(=O)c1cc(,18,functional_group
c2ccc(F)cc2,685,atom
F)cc(,56,atom
)c1O,334,ring
CCCCCCCC(=O),348,functional_group
OC[C@@H](O),190,ionic
[C@@H](OC),159,ionic
[C@@H]1OC,55,ionic
(C(=O)O),1367,functional_group
C(=N)N,412,functional_group
)[C@H]1,168,ionic
N=C(C),66,functional_group
CC(C)(C)NCC(O),525,atom
c1cc(O),645,ring
COc1cccc2c1,380,ring
CCC(=O)N,267,functional_group
CC(C)[C@H]1CC,68,ionic
[C@H](C,2494,ionic
c2ccccc2)C(=O)O),65,functional_group
OC(CC,256,atom
N1,3069,atom
CCCC1),164,ring
CCCCC1,1379,ring
[C@H]1CC,1033,ionic
c2nc(N,435,atom
)sc2C1,157,ring
CCOC,156,atom
c2nc(,215,atom
c3ccc(,1293,atom
NC(C)C,34,atom
)c(,874,atom
)cc3),162,atom
[nH]2)cc1,69,ionic
C[N+](C)(C),267,ionic
CC(=O)[O-],689,functional_group
.OC,19,atom
(O)C,1422,atom
(Cl)(Cl)Cl,91,atom
NC[C@H](O),435,ionic
c1ccc(O)c(O)c1,828,ring
[,514,ionic
8,578,atom
K,10,atom
r,228,atom
],5227,atom
COc1ccc(CC2,92,ring
c3cc(OC)c(OC)cc3CC,136,atom
[N+]2,281,ionic
(C)CC,1286,atom
CCCCCOC(=O),80,functional_group
CC[N+],107,ionic
c3cc(OC)c(OC)cc3,415,atom
C2C,143,atom
c2ccc(OC)c(OC)c2,468,atom
)cc1OC,893,ring
.,3360,atom
O=S(=O),1121,functional_group
([O-]),2318,ionic
([O-],918,ionic
)c1ccccc1,2649,ring
CCc1,256,ring
ccn,490,atom
[nH]1,1568,ionic
[Ca,395,ionic
+2,1399,atom
CC(=O),2562,functional_group
CC(,1144,atom
C(=O)C(CC,229,functional_group
(C)N,397,atom
(C)C),2821,atom
[S@@+],18,ionic
=S,104,functional_group
cn,738,atom
(C)c1,1137,ring
CN(C)CCc1c[nH],200,ionic
c2ccc(O),342,atom
cc12,276,ring
O=C1CC,523,functional_group
[C@H](NC(=O)C,137,functional_group
c2ccccc2)C(=O)N,72,functional_group
CCCN(CCC)CC,176,atom
CN,3219,atom
Cc1ccc(C(=O)N,309,functional_group
)cc1,4629,ring
Nc1nc(N,174,ring
ncn(C,105,atom
)c2n1,390,ring
N#,931,atom
[C@@H]2C,692,ionic
N1C(=O),410,functional_group
2CC3CC,313,atom
(O)(C,485,atom
3)C1)C2,314,ring
O=C1,2551,functional_group
cc(CCN,225,atom
CCN(,3381,atom
c4n,213,atom
s,536,atom
c5ccccc45,135,atom
)CC3,404,atom
)c(Cl)cc2,151,atom
CCCCCCCC,924,atom
c1ccc2,692,ring
[B-](F)(F),7,ionic
[N+],335,ionic
1=C,69,functional_group
CC1=C,387,functional_group
\C,1332,atom
CCCC(=O)O,263,functional_group
(O)C1,141,ring
N=C(c2ccccc2,227,functional_group
cc(Cl)ccc2,623,atom
NC1=O,154,functional_group
CCC,1764,atom
N[C@@H](C,1120,ionic
c1cccc2ccccc1,19,ring
2)C(=O)O,159,functional_group
C[C@]12C,616,ionic
[C@H](O),3370,ionic
[C@H]3[C@@H](CC,366,ionic
C4=CC(=O)CC,284,functional_group
[C@]2(O),671,ionic
C(=O)CO,796,functional_group
C[C@]12CC[C@H]3,138,ionic
[C@H]([C@@H]1,113,ionic
[C@@H]1,6618,ionic
C[C@@H]1,1292,ionic
[C@H]1,4674,ionic
C1=CC(=O),122,functional_group
CC[C@@]1,196,ionic
3C,852,atom
[C@](N)(C,264,ionic
Clc1ccc(C,356,ring
Cl)C,309,atom
(Cl)Cl,738,atom
O=C(CC,618,functional_group
(O)(,754,atom
c2ccc(Cl)cc2),304,atom
c1ccc(F)cc1,1890,ring
Cc1cc(,860,ring
)cc(C)c1,251,ring
[C@]1,623,ionic
(N)C,265,atom
c(O)c2,149,atom
[C@@H](O,1160,ionic
[C@H]2C,2500,ionic
[C@H](O)[C@H](O),464,ionic
C3=O,93,functional_group
Oc1ccc(,443,ring
n2,1494,atom
c3ccc(O)cc3,312,atom
[C@@H](C)[C@@H](O),378,ionic
CCN(C),522,atom
CCCC(C,272,atom
#N),609,atom
)C(C)C,543,atom
C=CC,519,functional_group
[N@@+],86,ionic
2CC,552,atom
[C@@]34,102,ionic
c5ccccc5,60,atom
N5,186,atom
6/,6,atom
[C@H]7C,6,ionic
[C@H]8,34,ionic
[C@@]9,6,ionic
(CC=C)C,6,functional_group
7=C,6,functional_group
O),4242,atom
c7ccccc7,6,atom
(/,1061,atom
[C@@H](C,3503,ionic
[C@@H]3,1325,ionic
1)/,6,atom
C(=C,622,functional_group
O)C2,171,atom
[C@H]5,673,ionic
4),999,atom
[C@@H]6,452,ionic
9,210,atom
Cc2cc3,127,atom
c(CN,817,atom
(C)C)c(O),84,atom
ccc3,371,atom
nc2,866,atom
[C@@H]1CCCN1C(=O),285,functional_group
[C@@H]1CCCN1,39,ionic
[C@@H](,3217,ionic
[18F],34,ionic
CCC(C),802,atom
C(=O)NC(CC,234,functional_group
NC,2696,atom
S(=O)(=O)[O-],256,functional_group
C(C(=O)N,171,functional_group
C(CC,237,atom
C1CC,153,ring
NC(=O)C(C,112,functional_group
(C)O),66,atom
NC(=O)C(CC,134,functional_group
)NC(=O)C(CC,32,functional_group
)NC(=O)C,82,functional_group
(CC(C)C),32,atom
)NC1=O),51,functional_group
C(C),764,atom
Clc1ccc2c(c1,303,ring
)C(,184,atom
c1ccccc1),1081,ring
Cc1nn,385,ring
cn1,333,ring
C=C1,205,functional_group
Oc2cc(OC,51,atom
O[C@H]3,392,ionic
C[C@H](,112,ionic
[NH3+],328,ionic
)c4,379,atom
c(,2255,atom
c(Cl)c4,4,atom
)O,1286,atom
[C@@H]4,1183,ionic
c5,1118,atom
cc5,148,atom
C3,651,atom
=CC=C,76,functional_group
OC(C)(C),320,atom
[C@@H](O)[C@H]3,280,ionic
O)c2,669,atom
N=C1,394,functional_group
NC(=O),1497,functional_group
Cc1cc(O),423,ring
c2c(c1,720,ring
)OC,997,atom
(C)(C),759,atom
OC(Cn1cncn,260,ring
1)(C,260,atom
n1cncn,527,ring
F,1334,atom
[C@](C,403,ionic
c1ccc(Oc2ccccc2)cc1,33,ring
(C(=O)N,401,functional_group
O)C(F)(F)F,19,atom
CNC,440,atom
OCCO,990,atom
CCN1CCN(C,442,atom
ccc(Cl)cc2,570,atom
CO[C@H]1,940,ionic
O[C@@]2(C),693,ionic
Oc3c(C)c(O),693,atom
c(O)c(,565,atom
5CCN(C)CC5,259,atom
)c(O),1002,atom
c4c3C2=O),425,functional_group
\C=C\,794,functional_group
[C@H](C)[C@H](O)[C@@H](C)[C@@H](O)[C@@H](C),693,ionic
[C@H](OC,1874,ionic
C[C@H]1C,314,ionic
[C@H]2[C@@H]3CCC4,1215,ionic
[C@]2(C),984,ionic
[C@@]1(O),414,ionic
CNS(=O)(=O),202,functional_group
CCc1ccc2,56,ring
[nH]cc(C,64,ionic
3CCN(C)CC3,342,atom
CC(N)C,233,atom
CC(C)(C),805,atom
2=O,74,functional_group
COc1cc(,453,ring
cc(OC)c1O,130,ring
CCS,681,atom
CCCN1,439,atom
Cc1nccn1,160,ring
F)c(C,66,atom
(F)F)c2,35,atom
)cnn1,52,ring
Cl.,37,atom
C[C@H](CC,97,ionic
C(=O)NCC,220,functional_group
S(=O)(=O)O),502,functional_group
[C@H]1CC[C@H]2,100,ionic
[C@H]3[C@H](C,31,ionic
C),1371,atom
[C@@]1(C)CC,132,ionic
[C@@H](O),2380,ionic
[C@H]3O,159,ionic
Cc1o,147,ring
c2cc3,447,atom
c(cc2,173,atom
F)c,730,atom
c(C(=O)O),876,functional_group
S2,956,atom
C=CC(=O)N,262,functional_group
ncnc(Nc3cccc(Br)c3,26,atom
CCN1,1803,atom
C(=O)NC,240,functional_group
)C1=O,939,functional_group
CCOC(=O)C1=C(C),409,functional_group
=C(C(=O),928,functional_group
OC(C)C,528,atom
c1cccc(,1328,ring
[N+](=O)[O-])c1,827,functional_group
CN(C)CCCC,9,atom
SC(=N,22,functional_group
CCCCC,686,atom
[C@H](O)CC,423,ionic
c3cccc(,337,atom
OCC(=O)O),341,functional_group
c3C,227,atom
[C@H]1O,3119,ionic
O=C(N,1201,functional_group
CC1CCCCN1,39,ring
cc(OCC,84,atom
(F)(F)F),916,atom
OCC(F)(F)F,162,atom
2CCC(C,234,atom
)c3ccccc3,934,atom
)CC2)cc1,249,ring
NCC,949,atom
(CC(=O)O),697,functional_group
c1ccc(Cl)cc1,1174,ring
C(=O)N(C,317,functional_group
c2nn[nH]n2,207,ionic
)[C@H](C,240,ionic
CNCC,437,atom
c1ccccc1C,89,ring
Cc1ncsc1,22,ring
CCN1C,328,atom
[C@H](C(=O)N,1663,functional_group
(CCCN,139,atom
(C)C)C(=O)N,871,functional_group
)C,3319,atom
c3cccc4,468,atom
cc(c3,474,atom
4)C,624,atom
CC1(C)S[C@@H]2,364,ionic
[C@H](NC(=O)[C@H],127,functional_group
(NC(=O)N,65,functional_group
3CCN,74,atom
C3=O),160,functional_group
c3ccccc3)C(=O)N2,142,functional_group
[C@H]1C(=O)O,505,functional_group
[O-].,984,ionic
[Mg,1006,ionic
CC(=O)S,105,functional_group
CC(C,293,atom
c1ccccc1)C(=O)N,410,functional_group
CC(=O)OC,303,functional_group
NC(=O)c1,296,functional_group
cc(C(=O)O),434,functional_group
)cc2)c1,24,ring
c2ccc3,374,atom
cc(N,719,atom
(C)C)ccc3,9,atom
[n+]2C,18,ionic
)c(C)n1,29,ring
CCOC(=O)[C@H](CC,507,functional_group
c1ccccc1)N,1176,ring
[C@@H](C)C(=O)N1CCC[C@H]1,75,functional_group
CN(CC,468,atom
COC,602,atom
)S(=O)(=O),277,functional_group
c2sc(,83,atom
CC(C)NCC(O),811,atom
c(NC=O),148,functional_group
c2)cc1,201,ring
CCCCCC,715,atom
[C@H](,2573,ionic
[C@H](C)O),229,ionic
n1cnc2,153,ring
c(N)ncnc2,315,atom
CCN(CC)CC,522,atom
OC(=O)C,261,functional_group
c2ccc(N,1243,atom
)cc2)cc1,595,ring
Clc1cccc(Cl)c1,85,ring
NC1=N,424,functional_group
Cc1cc(C),58,ring
cc(NC(=O)C,10,functional_group
c2ccc(OC,144,atom
(C)(C)C(=O)O)cc2,10,functional_group
COc1c(O)ccc2,14,ring
[N+](=O)[O-],2318,functional_group
c(c1,207,ring
Cc1cc(N,133,ring
)c(C,910,atom
[n+]2,105,ionic
csc(CC,63,atom
[P@@](=O),638,functional_group
[C@H](C(=O),85,functional_group
O)[C@H](O),1098,ionic
c2ccc(O)cc2,765,atom
)o,458,atom
c2cc(O),116,atom
C#,649,atom
Cc1n,223,ring
c2cc(CN,27,atom
(C)c3,197,atom
ccc(C(=O)N,274,functional_group
[C@@H](CCC(=O)O)C(=O)O),263,functional_group
CC(C)OC(=O),63,functional_group
P(=O)(C,55,functional_group
O[C@H](C)C,859,ionic
OC(=O),521,functional_group
CC(C)c1n,535,ring
oc(N,6,atom
Oc3ccc(,137,atom
c4ccc(,137,atom
)nc3,113,atom
)CC2,1582,atom
)n1,1443,ring
CC(C)[C@H](NC(=O),55,functional_group
OCc1ccccc1),36,ring
[P@](=O),330,functional_group
[C@H](C(=O)O),649,functional_group
c1cccc(CN,58,ring
Cc1nc(N,316,ring
c3c(C)cccc3,272,atom
)s,426,atom
2CCN(CC,495,atom
O)CC2,300,atom
[NH+],140,ionic
CCC1,1503,ring
[C@@H](COC,29,ionic
[C@]23,607,ionic
CCC3,35,atom
Oc1cccc(,241,ring
O)c1,792,ring
c2cc(C,290,atom
nn2,170,atom
c2ccc(S,402,atom
CCCCCCC(=O),14,functional_group
Oc1ccc2c(c1,226,ring
)CC,2480,atom
[C@@H](OC(=O),517,functional_group
[C@@H]12,415,ionic
P(=O)(O)O,480,functional_group
NS(=O)(=O)c1ccc(C,121,functional_group
(=O)N,643,functional_group
c2cc(F)c(F)c(,12,atom
F)c2,539,atom
[Na+].,178,ionic
[Na,679,ionic
+,2519,atom
ncc1C(=O)N,115,functional_group
(F)(F)F)cc1,667,ring
CC(=O)Nc1n,18,functional_group
ccc(,363,atom
c2c(C)nc3,14,atom
ccccn2,47,atom
3)n1,48,ring
CN1[C@H]2CC,180,ionic
c1c[nH],211,ionic
cccc1,498,ring
3)C2,168,atom
CC(C)(,59,atom
CN(C)CC,792,atom
OC(,771,atom
[n+]1,152,ionic
CCCCCCCCCC,162,atom
c(C)cc(N,9,atom
NCC1,140,ring
[Si],214,ionic
CCCNC,52,atom
(C)C(=O)N,348,functional_group
CC(C)CCC[C@@H](C),45,ionic
[C@@H](C)C,937,ionic
CC1(C)O[C@@H]2,158,ionic
[C@@]3(CO,158,ionic
[C@@H]2O1,177,ionic
COc1ccc2c(,267,ring
O[C@H]3C,263,ionic
[C@H]4C(=O)N,278,functional_group
(C)CCCC,303,atom
[C@@H]5C,384,ionic
[C@@]5(C,266,ionic
S(=O)(=O)C,585,functional_group
5CC5,279,atom
)N=C,616,functional_group
)cc(,528,atom
c3nc(C,282,atom
)cs,336,atom
3)n,700,atom
c2c1C,269,ring
c2nc3,240,atom
c4c(,335,atom
ncc3,25,atom
[nH]2,762,ionic
4)n,181,atom
Br),47,atom
N(CC(=O)O),214,functional_group
C1=O,1297,functional_group
COc1cc(CC,84,ring
)cc2c1,77,ring
C#C,775,atom
[C@]1(O)CC,1003,ionic
[C@H]2[C@@H]3CCC4=CC(=O)CC,540,functional_group
[C@H]3CC,820,ionic
CN1CCC[C@@H]1,171,ionic
Cc1c[nH],279,ionic
CCS(=O)(=O),259,functional_group
)cc12,491,ring
C[C@@H](N,201,ionic
coc(,27,atom
[C@@H]2[C@H]3CC,11,ionic
[C@H](O3),17,ionic
CCC(=O)O),336,functional_group
Nc1ncnc2c1ncn2,609,ring
O[C@H](C,1072,ionic
OP(=O)(O)OP(=O)(O)OP(=O)(O)O),109,functional_group
OC3,160,atom
(O,280,atom
[N+](=O)[O-]),29,functional_group
=CC(=[N+],19,functional_group
C=C3,160,functional_group
Cc1cc(C,301,ring
OCCO),202,atom
c2ccc(I)cc2,29,atom
F)c(F),51,atom
c1F,76,ring
CCOC(=O)CS,7,functional_group
CS,760,atom
=CCC,296,functional_group
c2cc(O)ccc2,70,atom
O1,1749,atom
NS(=O)(=O),1151,functional_group
c1cc(C,1034,ring
NC(=O)c3ccccc3,110,functional_group
2)ccc1,201,ring
CCCCCCC(C)(C),222,atom
C(=O)C,623,functional_group
(\C,1423,atom
[C@H](C)C[C@H](OC),369,ionic
[C@H]2O,1130,ionic
[C@@](O),886,ionic
(C(=O)C(=O)N,369,functional_group
3CCCC[C@H]3,375,ionic
[C@@H]3CC,510,ionic
)C3),381,atom
[C@H](C)[C@@H](O)CC1=O),369,functional_group
[C@H](C)C[C@@H]2,369,ionic
SCC,278,atom
C(=O)c1,440,functional_group
ccc(Cl)c(Cl,11,atom
)c1)C(=O)O,75,functional_group
CCC[C@H](NC(=O),373,functional_group
[C@H]2CCC,321,ionic
CN1C(=O),857,functional_group
[C@@H](NC(=O)[C@@H](NC(=O),245,functional_group
c1cnccn1,360,ring
)C1CCCCC1,248,ring
)C(C)(C)C,283,atom
)C(=O)C(=O)N,239,functional_group
CCOC(=O)C(C)(C),15,functional_group
ccc(Cl)cc1,557,ring
[C@H]([C@@H](C,32,ionic
OC)c2,31,atom
cs,592,atom
(=N,1216,functional_group
)[nH],940,ionic
[C@@H](O)[C@H](O)[C@@H]1O,33,ionic
Cc1cc(C)c2,33,ring
nc(,899,atom
c3cnc(N,7,atom
4CCN(C)CC,101,atom
c3,1102,atom
[nH]c2c1,226,ionic
OCCN(CCO),97,atom
c1nc(N,205,ring
)c2nc(N,110,atom
(CCO)CC,98,atom
nc(N,316,atom
3CCCCC3,327,atom
P(=O)(O)O)P(=O)(O)O,150,functional_group
CCC[C@H]1,137,ionic
CNC(=O)c1,99,functional_group
c(OC),82,atom
)c1OC,212,ring
CC[C@H](C),231,ionic
[C@@H](CC(=O)N,74,functional_group
1CCC[C@H]1,672,ionic
[C@H](OC),188,ionic
[C@@H](C)C(=O)N[C@@H](C,41,functional_group
nccs,17,atom
OC)N,18,atom
(C)C(=O),324,functional_group
[C@@H](NC(=O)[C@H](C,75,functional_group
(C)C)N,221,atom
(C)C)C(C)C,113,atom
(C(=O)OC),593,functional_group
NC(=O)c1n,160,functional_group
c(Cl)c(N,73,atom
)nc1N,88,ring
CO[C@H]1C,405,ionic
[C@@H](C),1899,ionic
[C@@](O)(O,295,ionic
2)C(=O),514,functional_group
C(=O)N2CCCC,306,functional_group
P,539,atom
)CC(=O),321,functional_group
[C@H](C),2501,ionic
)[C@@H](O),479,ionic
OC)C(=O),364,functional_group
[C@H](C)C[C@H](C),295,ionic
CC[C@H]1OC(=O)[C@H](C)[C@@H](O[C@H]2C[C@@](C)(OC)[C@@H](O),499,functional_group
[C@H](C)O2)[C@H](C)[C@@H](O,499,ionic
[C@H]2O),1925,ionic
[C@](C)(O)C,432,ionic
[C@@H](C)C(=O),727,functional_group
[C@H](C)[C@@H](O)[C@]1(C)O,477,ionic
CC(C)(O,91,atom
c1ccc(CC,73,ring
NC(=O)c2ccc(Cl)cc2,57,functional_group
)cc1)C(=O)O,275,functional_group
c2c(ncn,478,atom
2C,1187,atom
C(=N,364,functional_group
C#N)N,143,atom
c[nH],709,ionic
c1C,716,ring
[S,748,ionic
b,94,atom
5,1535,atom
c2ccccc2)C,675,atom
[C@H](O)[C@H](C,327,ionic
c2ccccc2)NC(=O),350,functional_group
c2cn,699,atom
2)C(C)C,296,atom
)cs1,739,atom
cn2,205,atom
C#N,159,atom
[nH]c2,399,ionic
cc(Cl)cc(Cl,53,atom
)c12,207,ring
NCCC,144,atom
[C@H](N)C,338,ionic
(F),436,atom
O=C(N[C@@H]1,16,functional_group
C2CCN(CC2),15,atom
Cc1cccnc1,5,ring
ccccc2,463,atom
N=C(N,710,functional_group
cccc(CN,40,atom
c3cc4,459,atom
ccc(Cl)cc4,20,atom
s3,69,atom
2=O),13,functional_group
(F)(F)Cl,8,atom
cnc(N,323,atom
[C@@H](O)C2,15,ionic
c2ccn,78,atom
[nH]2)c1,79,ionic
CCCC[C@H](N,149,ionic
COc1cc2nc(N,404,ring
CCCNC(=O),208,functional_group
C3CCCO,156,atom
3)nc(N,421,atom
)c2cc1OC,507,ring
Cc1ccccc1S(=O)(=O)N,11,functional_group
c2ccc(C#N,284,atom
sc1,111,ring
(C)(C,367,atom
COC(=O)NC,51,functional_group
c1ccc2c(c1,1561,ring
)[C@H](NC(=O),12,functional_group
F)c(Cl,33,atom
[C@H](O)C(C)(C),108,ionic
O2,1242,atom
COC(=O)N[C@H](C(=O)N,378,functional_group
c1ccccc1)[C@@H](O),259,ionic
c2ccccn2,595,atom
)cc1)NC(=O),238,functional_group
[C@@H](NC(=O)OC,358,functional_group
)C(C)(C)C)C(C)(C)C,238,atom
CC(C)[C@H](NS(=O)(=O),30,functional_group
COC(=O)C1=C(C),671,functional_group
=C(C(=O)OC,464,functional_group
Cc1onc(,138,ring
C[C@H](N,755,ionic
CSc1cccc(,18,ring
N(C),281,atom
SC),115,atom
Cl)c1,71,ring
CC(C)c1,222,ring
)n1CC,118,ring
[C@@H](O)C[C@@H](O),211,ionic
CC(=O)O,1350,functional_group
CC(C)(C(=O)N,16,functional_group
(F)(F,31,atom
)C(F)(F)F)C(=O)N,16,functional_group
[C@@H]1C(=O)N,79,functional_group
CC(=O)N[C@H](C,131,functional_group
c1ccc(O)cc1)C(=O)N,48,functional_group
1CCC[C@@H]1,15,ionic
C(=O)N1C,36,functional_group
C(=O)NCC(=O)N,57,functional_group
[C@H](C)C(=O)N,49,functional_group
CC(N,490,atom
OC[C@H]1O[C@H](,90,ionic
OP(=O)(O)OP(=O)(O)O),83,functional_group
CN1CCN(C,543,atom
2=N,788,functional_group
c3cc(Cl)ccc3,400,atom
Nc3ccccc3,295,atom
CC(=O)N[C@@H](C,257,functional_group
S)C,35,atom
[C@H]1CC[C@H]2[C@@H]3CCC4,165,ionic
=CC(=O)CCC4,565,functional_group
3C=C,89,functional_group
[C@]12C,387,ionic
C[C@@H](C(=O)N,61,functional_group
1CCOCC1)N,61,ring
[C@H](NS(=O)(=O),126,functional_group
ccc(Cl)cc3,47,atom
s2,167,atom
CC(C)c1cc(,43,ring
Oc2,90,atom
c(Cl)cc(,36,atom
n3nc(C,8,atom
#N,405,atom
)c,2677,atom
[nH]c3,262,ionic
cc2Cl,33,atom
)n[nH],114,ionic
CCN1CC,245,atom
(CCN,184,atom
2CCOCC2)C,46,atom
)C1=C,50,functional_group
N(,133,atom
[C@@H]2O[C@H](C,486,ionic
OP(=O)([O-])O,88,functional_group
P(=O)(O),383,functional_group
OC[C@H]3,51,ionic
n4cnc5,511,atom
c(N)ncn,277,atom
[O-]),565,ionic
[O-],841,ionic
(=S,108,functional_group
)n(,70,atom
3CCCCCC3,74,atom
)cnc2n1,59,ring
CN2CC,476,atom
[C@H]1C,2510,ionic
[C@H]2[C@H](O),246,ionic
c1ccn,417,ring
c2ccc(OC)cc12,381,ring
C[C@@]1(O),44,ionic
[C@H](O)[C@@H](CO)O[C@H]1,33,ionic
)nc1O,38,ring
c1ccc(NS(=O)(=O),30,functional_group
c2ccsc2,82,atom
c(O)c1,601,ring
Oc1ccc(C,705,ring
(F)(F)F)cc,1664,atom
ccnc(C,162,atom
S(=O),423,functional_group
c3ccc(OC,157,atom
(F)F)cc3,80,atom
(F)F),94,atom
Cc1ccc(O)c(,85,ring
[C@H](CC,1238,ionic
N(C,441,atom
C(O),448,atom
O[C@H](CO)[C@@H](O)[C@H](O),392,ionic
CCOC(=O)C1,221,functional_group
CCN(C)CC,443,atom
Cn1cc(C,63,ring
c3cn,235,atom
)c4ccccc3,20,atom
4)C(=O)N,42,functional_group
OC[C@H]1O[C@@H](,623,ionic
c3cc4ccccc4,15,atom
)[C@H](O)[C@@H](O)[C@@H]1O,94,ionic
n2nc(,470,atom
c3ccccc3O),331,atom
P(=O)(O)O)C(=O)O,101,functional_group
C(=C\,573,functional_group
c1cs,84,ring
c(C),285,atom
n1),159,ring
[C@]2(C)CCC,75,ionic
[C@H](C)[C@H](O)[C@@H](C),64,ionic
C(=O)C(C)(C),112,functional_group
CCC(=O),369,functional_group
)N(CC,651,atom
CN1CCN(CC,632,atom
S),165,atom
[C@H](O)C,566,ionic
(CCCCCC,56,atom
n2ccnc2,128,atom
CN=C(,420,functional_group
O.O.,123,atom
O.,656,atom
[Na+].[Na+].,95,ionic
[Z,18,ionic
COc1ccc2c(c1)c,131,ring
c(C)n2,153,atom
OCC,2092,atom
CNC1,288,ring
)C1(C)C,115,ring
CN1CCC[C@H]1,36,ionic
c1cccnc1,716,ring
CC(C)C[C@H](NC(=O)[C@H](Cc1ccccc1)NC(=O),124,functional_group
)B(O)O,156,atom
O=C(C,313,functional_group
1CCCCC1,135,ring
)N1,647,atom
2CCc3ccccc3C2,48,atom
2C(=O)N(C,26,functional_group
c3ccc(O)c(OC)c3,9,atom
)N(C,452,atom
c3ccccc3)C,301,atom
)ccc1O,339,ring
Cc1cc2,359,ring
c(s,293,atom
1)N,738,atom
N=C2,273,functional_group
COC(=O)[C@H]1,451,functional_group
[C@@H]2CC[C@H]1,141,ionic
N2C,240,atom
CC(C)CCn1,21,ring
S(=O)(=O)c3ccccc3,33,functional_group
N2,721,atom
OCC3,215,atom
CN(C(=O),182,functional_group
c4ccc(F)cc4)C,8,atom
NC(=N)c1ccc(,6,functional_group
2)cc1,753,ring
)C(N,151,atom
CCNCC1,536,ring
Cc1cn(,525,ring
[C@H](O)[C@@H](C,151,ionic
OP,345,atom
[nH]c1,627,ionic
[C@H]1Cc2ccccc2,22,ionic
C1=O)C(C)C,7,functional_group
(C)C)C(O),293,atom
(=N),346,functional_group
O)C(O),298,atom
[C@H]3C,584,ionic
c4cc(O),96,atom
cc(O)c4,89,atom
c4cc3,95,atom
ccc4,140,atom
[C@H](O[C@H],309,ionic
[C@](C),502,ionic
[C@H](C)O,199,ionic
)c3ccc(,43,atom
c(Cl)c3,45,atom
)Oc3,98,atom
Oc2ccc(cc2,107,atom
Cl),986,atom
CCN1CCCC1C,302,ring
NC(=O)c1cc(,299,functional_group
ccc1OC,301,ring
CN(CCO,219,atom
@](=O),231,functional_group
CC[C@H](,41,ionic
)C(=O)[O-],598,functional_group
OCCCCN,486,atom
c4cccc(Cl)c4,347,atom
)CC3)cc2,945,atom
CC(C)(NC(=O),10,functional_group
C1=C(O),23,functional_group
Oc3,151,atom
ccc4c3,31,atom
3CCN(CC,38,atom
2CC2),311,atom
[C@]3,1088,ionic
)c1nc(,15,ring
c2ccccc2)n,225,atom
CC(C)C,605,atom
[C@H](CN,311,ionic
)CC(=O)O,69,functional_group
c1nc(O),239,ring
c2c([nH],101,ionic
)N2C,24,atom
(F)(F),701,atom
F)c1,445,ring
Br)ccc1,13,ring
c1nn,143,ring
c1nc2ccccc2[nH]1,128,ionic
CCC1(CC,117,ring
CCN(CC)CCNC(=O)c1c(C),95,functional_group
[nH]c(,703,ionic
2\,234,atom
c3ccc(F)cc3,421,atom
)c1C,428,ring
CCN(C)C(=O),87,functional_group
N(C)C,998,atom
CC(=O)O[C@H]1C,407,functional_group
[C@@]2(C),310,ionic
[C@@]4(C)CC,284,ionic
[C@@H](O)[C@@H](C),234,ionic
[C@@H]4CC,252,ionic
)/,316,atom
=C(,1232,functional_group
CCC=C(C)C,261,functional_group
=[N+],559,functional_group
[B,168,ionic
i,184,atom
].,1382,atom
[O-,696,ionic
[OH-].[OH-].,340,ionic
[OH,334,ionic
-],717,atom
COc1ccc(C,558,ring
[C@@H](C)NC[C@H](O),53,ionic
CCOc1ccc(C,124,ring
c2nc3cc(,8,atom
)ccc3,174,atom
NC(=O)N,351,functional_group
c1ccccc1)C(=O)O,217,functional_group
2CCC[C@@H](C,64,ionic
N2C1=O,100,functional_group
[B-],103,ionic
(F)(F)F,544,atom
[C-],133,ionic
#,274,atom
CC(C)(C)OC,107,atom
[C,378,ionic
u,246,atom
CC(C)C(=O),136,functional_group
Oc2ccccc2,150,atom
c2csc(,119,atom
N=C3,40,functional_group
NCCCN,103,atom
)n2,497,atom
)c(C)c1,310,ring
(c1ccccc1),328,ring
[N+](C)(CC,55,ionic
OC(=O)C1,100,functional_group
1)C(C)C,245,atom
CCCN(CCC)C(=O),15,functional_group
C1=C,449,functional_group
c3ccc(C(=O)N,216,functional_group
4CCCC4)cc3,16,atom
OC(=O)N,264,functional_group
(CC(=O)O)C,9,functional_group
c2ccc(OCC,331,atom
c3nc(,64,atom
c4ccccc4),39,atom
oc3C,57,atom
(C)S,57,atom
c2ccc(F)cc2)c1,74,ring
\S,19,atom
[C@H](O)CO),256,ionic
)C(=O)N1,577,functional_group
Cc1c(,318,ring
F)cc1,360,ring
c1cn2,77,ring
C(=O)N1,801,functional_group
[C@H](C3),20,ionic
O[C@@H]1C,67,ionic
c1ccccc1)[C@H](O),348,ionic
CN1C,529,atom
[C@H]2CCCC,419,ionic
C(=O)NC(C)(C)C,310,functional_group
[C@]1(O),179,ionic
)[C@H](O),1198,ionic
=CC(=O)CC,671,functional_group
[C@]4(C)[C@H]3CC[C@]12C,190,ionic
CCC1=C(C),143,functional_group
[C@H](C)CC,354,ionic
CC[C@H]1OC(=O)[C@H](C)C(=O),197,functional_group
[C@H](C)[C@@H](O,265,ionic
(OC)C,440,atom
N(CCCC,195,atom
n3cnc(,188,atom
c4cccnc4,206,atom
CCCCCCCCCCCCCCCC,404,atom
OP(=O)(O),617,functional_group
OCC[N+](C)(C)C,168,ionic
)OC(=O),246,functional_group
c1cc(I,327,ring
Oc2cc(,110,atom
c(I)c2,152,atom
)c(I)c1)C(=O)O,91,functional_group
Cc1cc(CC,115,ring
CCCCCO,70,atom
3=N,114,functional_group
[C@@H](C)CO,31,ionic
on1,93,ring
C[C@@H](CO),79,ionic
NC(=O)[C@@H]1,128,functional_group
C=C2,232,functional_group
NC(=O)CN,201,functional_group
2CCN(Cc3ccccc3)CC2,15,atom
CCC1(O,8,ring
c2ccc(Oc3ccc(F)cc3,8,atom
CC(=O)N2,171,functional_group
c3c([nH]c4ccccc34),386,ionic
c2ccc3c(c2,944,atom
3)C1=O,162,functional_group
CC(C)(C,231,atom
OP(=O)(O)OP(=O)(O),479,functional_group
n2cnc3,535,atom
c(N)ncnc3,622,atom
[C@H](O)[C@@H]1,306,ionic
OP(=O)([O-]),75,functional_group
[C@@](C)(O),346,ionic
Cc1,585,ring
occc,42,atom
[Ga+3,42,ionic
OC1(C,19,ring
CCCCCC1,5,ring
ccc(C,573,atom
COc2ccccc2,162,atom
(F)F)c(,131,atom
2CC2,489,atom
c2ccccc2C(=O)O),152,functional_group
C[C@@H](C,474,ionic
(C)(C)C),296,atom
6,277,atom
(C(=O)O,26,functional_group
5),133,atom
[C@@]12O,28,ionic
c2cccnc2,467,atom
COc1ccc(OC)c(C,217,ring
NC(=O)C1,120,functional_group
NC(=O)[C@H](Cc2ccccc2)NC(=O),187,functional_group
c2c[nH]c3ccccc23)NC(=O),25,functional_group
c2cs,45,atom
c3ccccc2,14,atom
3)NC(=O),14,functional_group
CCNCC,147,atom
C[C@@H](O),466,ionic
[C@@H]1CSSC,169,ionic
c2ccccc2)N,104,atom
(O)CN,323,atom
(=O)O)CCN(CC(=O)O)CCN(CC(=O)O),8,functional_group
CC2,1023,atom
)C(O),897,atom
c2c[nH]c3ccccc2,32,ionic
3)C,343,atom
[C@@H](CCCCN,247,ionic
[C@@H]([C@@H](C),89,ionic
1)C(=O)O,115,functional_group
NS(=O)(=O)c1cc2,638,functional_group
C(F)(F)F),172,atom
NC(C,138,atom
S2(=O)=O,622,functional_group
CNC(=O)c1cc(,157,functional_group
Oc2ccc(,85,atom
c3cc(C,116,atom
(C)(C)C,1113,atom
)nn3,32,atom
c3ccc4ncccc4c3,12,atom
)ccn1,214,ring
CC[C@H](N,377,ionic
c1cc(C)nc2,12,ring
)cc3C,12,atom
)c(C),56,atom
nn1,261,ring
nc(C),172,atom
no,233,atom
NC(=O)CCCC,35,functional_group
[C@@H](S,74,ionic
(C)CC(=O)N,368,functional_group
c4ccc,108,atom
4)CC,269,atom
Nc1nccc(,208,ring
c3c(O),144,atom
ccnc3,26,atom
c(N)n,360,atom
Cc1[nH],45,ionic
cc(CCC(=O)O),16,functional_group
CC(=O)O),521,functional_group
c(CCC(=O)O),134,functional_group
c2ccccc12,326,ring
[C@@H](CO),583,ionic
Nc1ccc2,86,ring
ncc(,58,atom
c3cccc(N)c3,25,atom
)n2n1,16,ring
CCc1nn,232,ring
CN2,1016,atom
c3cccc(Cl)c3,398,atom
ccccc1,1107,ring
[C@H](N),848,ionic
CCCCCC(=O)O,19,functional_group
CC(C)(C)c1ccc(,54,ring
(O)CO,90,atom
)CC(O),497,atom
NC(,300,atom
COP(=O)(O)O,627,functional_group
CC2(C,11,atom
CC(C)N(CC,117,atom
C(C,1039,atom
ccccn1,845,ring
CCc1nc2,40,ring
c(O)n,383,atom
n(C,575,atom
O)c1O,92,ring
[C@@]1(,243,ionic
CCN(C,1111,atom
c2ccccc2)CC1,448,ring
c2ccc(OS(=O)(=O),116,functional_group
O)cc2,327,atom
cccc,454,atom
CCOC(=O)N,169,functional_group
c(OC,135,atom
c2c(,913,atom
cc(Br,99,atom
ns,189,atom
c1NC,12,ring
CCCCN1,453,atom
c2ccccc2C=C,548,functional_group
CN1CC,1012,atom
[nH]c3ccccc3,388,ionic
2)CC1,388,ring
n(,1329,atom
CCC(,1205,atom
c3no,388,atom
c4cc(F)ccc3,382,atom
4)CC1,389,ring
)CCCC,475,atom
OCCN1,55,atom
(N,817,atom
c2ccccc2)C1=O,32,functional_group
COc1cc2ncnc(Nc3ccc(F)c(Cl)c3)c2cc1,76,ring
CN1CCOCC,93,atom
COc1ccccc1C(=O),109,functional_group
C2=O)C,243,functional_group
(C(=O)C,524,functional_group
[C@@H]3O,516,ionic
CNC(=O),494,functional_group
ccnc4cc(,19,atom
OCC5,19,atom
(N)CC,162,atom
)c(OC,407,atom
4)ccc12,25,ring
Cn1cnc2,96,ring
c(F)c(N,34,atom
c3ccc(Br)cc3,113,atom
F)c(C(=O)N,10,functional_group
Nc1nc(N)c2,186,ring
)c(N,526,atom
)nc2n1,161,ring
c3ccccc3)c(,85,atom
c3ccccc3)c12,75,ring
@,296,atom
c3ncc(C,158,atom
)c(OC)c3,135,atom
)nc2c1,144,ring
CC#,218,atom
CCOc1ccc(,160,ring
CCCS,100,atom
CCCC[C@@H]1,85,ionic
cc(C,1400,atom
)c(F)cc3,141,atom
COc1ccc(C(=O)N,163,functional_group
S(=O)(=O)CC2,12,functional_group
CC1(CO,22,ring
c2ccc(CC3,61,atom
SC(=O)NC3=O)cc2,71,functional_group
)CCCCC1,18,ring
COC(=O)[C@@H]1,140,functional_group
[C@@]23,132,ionic
O[C@@H]2C,554,ionic
[C@@]2(C)[C@@H](CC,140,ionic
4CC,759,atom
[C@H]13,132,ionic
O)C(=O)O,329,functional_group
cnccc2,45,atom
)c2ccc(,79,atom
c3ccc(O),29,atom
)cc2)CC1,431,ring
ccc(N,269,atom
[C@](C)(F),8,ionic
[C@@H]1OC(=O)C,41,functional_group
[C@@H](NC(=O)N,27,functional_group
1CCOCC1)C(=O)N,13,functional_group
c1ccccc1)CC,25,ring
c1[nH]cnc1,26,ionic
CCCCCCCCCCC,184,atom
[N+](C)(C),220,ionic
n[nH],141,ionic
c2C)cc1,22,ring
CCCc1n,195,ring
(C)(C)O),94,atom
c2nnn[nH],152,ionic
CC(CN1,133,atom
Sc2ccccc2,463,atom
c1ncc(,225,ring
c4cnc(,98,atom
[C@@H]5CCCN5C(=O),107,functional_group
)C(C)C),211,atom
[nH]4,116,ionic
CC1(C),301,ring
[C@H]3[C@@H]4C,134,ionic
[C@H](F)C,132,ionic
=CC(=O)C=C,560,functional_group
[C@]5(C)[C@H]4,179,ionic
[C@]3(C),344,ionic
[C@]2,661,ionic
Cl)N,609,atom
=CC1,48,functional_group
)C(=O)NO,29,functional_group
(Cl),363,atom
c2ccc(OC)cc2,158,atom
)c2ccc(OC,112,atom
Nc1n[nH],29,ionic
c2nnc(,43,atom
c4ccccc4)n,55,atom
n4,368,atom
ccccc34,11,atom
[C@H]3[C@@H](C,29,ionic
)C4,105,atom
c2sccc2,226,atom
NC(=O)C(,489,functional_group
CC(=O)O[C@H]1C(=O)[C@]2(C)[C@@H](O)C,70,functional_group
[C@H]3OC[C@@]3,70,ionic
(OC,641,atom
[C@H](OC(=O)c2ccccc2),76,functional_group
O[C@H]2,939,ionic
[C@H](CC(C)C)NC(=O),35,functional_group
OC(C)(C)C,285,atom
)C(C),205,atom
C3(C)C,17,atom
NC(=O)C,672,functional_group
[C@H]2C3=CC,22,functional_group
[C@@H]4[C@@]5(C)C,22,ionic
[C@@](C)(CO),22,ionic
[C@@H]5CC[C@@]4(C)[C@]3(C)CC,16,ionic
O[C@@H]2O[C@H](C,11,ionic
O[C@H](CO)[C@@H](O,171,ionic
O[C@@H](C)[C@H](O)[C@@H](O),54,ionic
[C@H]4,1045,ionic
[C@H]3O),889,ionic
CC[C@H]1,118,ionic
c1ccc(C)cc1,235,ring
cc(Cl)cc(,41,atom
c(Cl,83,atom
c2cnn3C,10,atom
c2n[nH],328,ionic
c3ncccc2,41,atom
3)c1,252,ring
c(Cl)cc2,128,atom
NC1,601,ring
c1[nH],1040,ionic
SC[C@@H]2NC(=O)N,98,functional_group
[C@H]12,442,ionic
c1ccc(OC)cc1,96,ring
ncccn,9,atom
COc1ccccc1,645,ring
OCC(O),214,atom
CN1CCN(CC(=O)N,166,functional_group
c2c(C)cccc2,169,atom
C)CC1,153,ring
ccc3c2,76,atom
2CC3CC(CC(C3)C1)C2,56,ring
CCCN1C(=O),131,functional_group
c2cccc,224,atom
(CO),197,atom
n2),130,atom
CN1CCCCC1,96,ring
=O)cc2,267,functional_group
[C@@H](C)C(=O)N,531,functional_group
C1Cc2ccccc2,22,ring
c5ccc(,546,atom
O)c4,542,atom
C(=O)CC,701,functional_group
C(=O)N[C@@H](CC,831,functional_group
(C)[C@@H](CC,282,ionic
(C)C)C(=O)N[C@@H](C,333,functional_group
[C@@H](CC(C)C)C(=O)N,881,functional_group
C(=O)N(C),325,functional_group
(C)[C@@H](C,530,ionic
OC[C@@H]1C,46,ionic
n2ccc3,42,atom
[C@H]4CC,214,ionic
cnc3,79,atom
[C@@H]1O,949,ionic
[C@@H](CC=C,18,functional_group
[C@@H](O[C@H]4C,33,ionic
[C@H](O[C@H]5C,8,ionic
[C@H](O[C@@H]6,50,ionic
[C@H]6O),8,ionic
[C@@H](C)O,297,ionic
[C@@]2(O)CC,115,ionic
[C@@]12C,105,ionic
Cc1c(N,197,ring
)n1C,138,ring
cc(OC)c(OC,75,atom
)cc2C,152,atom
CC#C,387,atom
=C3,506,functional_group
Oc1cc2,65,ring
CC(C)C[C@H](NC(=O),67,functional_group
CCCC(CCC,167,atom
CC(C)(C)NC(=O),224,functional_group
[C@@H]1CN(C,235,ionic
c2cccnc2),211,atom
[C@@H](O)C[C@@H](C,218,ionic
c1ccccc1)NC(=O),194,functional_group
[C@@H](N)CCCCN,229,ionic
c3cc(,523,atom
c(Cl)c(OC,48,atom
)cc(OC)c4,8,atom
Cl)n,15,atom
cn3,130,atom
OP(=O),75,functional_group
n2ccnc2)cc1,43,ring
C[C@H]1O,186,ionic
[C@H](O[C@@H]2,361,ionic
[C@@H](CO)O,459,ionic
[C@H](O)[C@@H](O),746,ionic
N[C@H]1,217,ionic
[C@@H](O)[C@H](O)[C@H]1O,160,ionic
C(C)(C)C)C(=O),84,functional_group
c1cccc(Cl)c1,315,ring
nc12,238,ring
(=,120,functional_group
NC(=O)C2=C(O),108,functional_group
c3ccccc3S(=O)(=O)N,114,functional_group
OC1,673,ring
C2=NCCN2,39,functional_group
c3ccccc3)cc2,240,atom
OP(=O)(O)O)[C@@H](O),440,functional_group
OP(=O)(O)O,505,functional_group
Cc1cccc(C)c1OCC(=O)N,103,functional_group
c1ccccc1)NC(=O)[C@H](C,88,functional_group
c2n1,414,ring
c1ccc(Cl)cc,370,ring
CCCCN,534,atom
Cc1ccc2[nH],53,ionic
(C)C)c2c1,57,ring
CCCCCNC(=O),24,functional_group
O=C1N,665,functional_group
c2ccc(Cl)cc2C,214,atom
C1O,253,ring
NC(=O)[C@H](C,302,functional_group
S)NC(=O),39,functional_group
OCc1ccccc1,211,ring
N=C(N)N,460,functional_group
[C@@H]1CS,130,ionic
CCC(=O)N[C@@H](C,123,functional_group
)C(=O)N[C@@H](Cc2ccccc2,118,functional_group
)C(=O)N[C@@H](CC,375,functional_group
Cc1ncc2,90,ring
[C@@]1(CC,189,ionic
)c2cccc(,269,atom
n3)c2,205,atom
FC(F)(F)c1cccc(,23,ring
N2CCN(CC,42,atom
c3nn,44,atom
c4n3C,10,atom
[C@@H]3CCC,30,ionic
C[C@H](C,470,ionic
S)C(=O)N,97,functional_group
CO[C@H](,52,ionic
[C@@](C,453,ionic
(N=C,66,functional_group
)N=C1,6,functional_group
OP(=O)(O)OP(=O)(O)OC,177,functional_group
[n+]3,45,ionic
[C@@H]2O),401,ionic
[C@@H](O)[C@H]1O,395,ionic
(C)C2,21,atom
OC(=O)c1,47,functional_group
1)C(=O),482,functional_group
O[C@H]1,1637,ionic
[C@@H](C2)N,749,ionic
14,739,atom
NC(=O)[C@@H]2CCCN2C(=O),117,functional_group
2CCCC2)cc1,51,ring
Nc2nc(N)n,12,atom
c3c(Cl,65,atom
)ccc4,158,atom
ccc34,59,atom
)n2)cc1,169,ring
C[C@]12CC,408,ionic
c4ccc(O)cc4,176,atom
CC[C@H]3,224,ionic
[C@@H]1CC[C@@H]2O,197,ionic
CC(C)C[C@H](NC(=O)[C@@H](C,224,functional_group
)NC(=O)[C@H](C,205,functional_group
c1ccc(O)cc1)NC(=O)[C@H](CO)NC(=O)[C@H](C,218,functional_group
c1c[nH]c2ccccc12)NC(=O)[C@H](C,244,functional_group
c1cnc[nH]1)NC(=O),325,functional_group
CCC(=O)N1,242,functional_group
)C(=O)N[C@@H](CCCN=C(N)N)C(=O)N,192,functional_group
1CCC[C@H]1C(=O)N,469,functional_group
ncn(,521,atom
c4ccc(OC,579,atom
n6cncn,470,atom
6),545,atom
c6ccc(Cl)cc6,252,atom
5)cc4,488,atom
C[C@@H](O)[C@@H]1,156,ionic
NC(=O)[C@H](CCCCN)NC(=O)[C@@H](C,156,functional_group
c2c[nH]c3ccccc23),275,ionic
NC(=O)[C@H](N)C,163,functional_group
SSC,255,atom
[C@@H](C(=O)N,542,functional_group
cc(C(=O)NC,64,functional_group
c4ccc(F)cc4,74,atom
c(O)c3,55,atom
C(=O)N2,511,functional_group
C[C@]12CC[C@H]3[C@@H](C,25,ionic
=CC4,47,functional_group
C(=O)O1,53,functional_group
1/,318,atom
\C=C,212,functional_group
2/,673,atom
[C@@]3(C),177,ionic
C2CC2,166,atom
n1c(C,25,ring
(C)c2ccccc2,25,atom
[1,155,ionic
3N,11,atom
H3,32,atom
CC(C)(C)C(=O)OC,48,functional_group
OC(=O)[C@@H]1,110,functional_group
N2C(=O),221,functional_group
=CN,50,functional_group
3CCCCCC,25,atom
SC1,105,ring
c2cc(N,116,atom
)ccc12,30,ring
CCOC(=O)C1=C(C,131,functional_group
c1ccccc1Cl,286,ring
CC(C)[C@@H]1,41,ionic
NC(=O)[C@H](CCCCN)NC(=O)[C@@H](Cc2c[nH]c3ccccc23)NC(=O)[C@H](C,8,functional_group
c2ccc(O)cc2)NC(=O)[C@H](C,8,functional_group
c2ccccc2)N(C)C(=O),8,functional_group
SCC(=O)N,26,functional_group
)C(=O)N[C@@H](CCCCN,89,functional_group
)C(=O)N[C@@H](CS,8,functional_group
=O)N,87,functional_group
[C@@H]1NC(=O)[C@@H](C,45,functional_group
NC(=O)[C@H],195,functional_group
)NC(=O),254,functional_group
[C@@H](OC(=O)N,54,functional_group
c2ccccc2)NC(=O)[C@H](C,87,functional_group
c2ccc(OCc3ccccc3)cc2,45,atom
)NC1=O,98,functional_group
C=C(C,71,functional_group
C(=O)O)\,6,functional_group
(C(=O)O)c2,87,functional_group
COc1ccc2nc(,77,ring
CC[C@H]1C,22,ionic
c2ccc(OCCCC,10,atom
c3cc(C),25,atom
c2ccccn2),119,atom
S1(=O)=O,269,functional_group
[N+](=O)[O-])c2,126,functional_group
Cc1c(C)c2,143,ring
c(C)c1,348,ring
CC3,253,atom
SC(=O)N,56,functional_group
)O2,63,atom
CC[C@@H](CO),34,ionic
c(C)n,151,atom
)(N,49,atom
[C@H]3CN(C,12,ionic
c4ccccc4)C(=O),12,functional_group
CC[C@]1,47,ionic
=CCCC,114,functional_group
[C@@](O)(,109,ionic
[C@@H](C)[C@H](O),91,ionic
[C@H]2OC(=O),38,functional_group
(OC),78,atom
OC)C,52,atom
CCCCCCCCCCCCCC,59,atom
CCCCCCC,259,atom
c2cc(OC)c(OC)cc2,12,atom
CCc1ccc(C,44,ring
c1ccccn1,80,ring
O=C1Oc2ccccc2,13,functional_group
C(=O),1756,functional_group
[C@@H]1C[C@H]1,27,ionic
c2ccccc2C1=O,131,functional_group
COCC,344,atom
OCC(O)CNC,444,atom
(C)C)cc1,934,ring
CC(=O)OC1,28,functional_group
[C@@](C)(CC,42,ionic
[C@@]2(C)C,321,ionic
[C@@]12,162,ionic
[C@H](COC,35,ionic
C3=C(C(=O),47,functional_group
=C(N,91,functional_group
)C3=O),42,functional_group
C[C@@H]1N,32,ionic
CN(C)C(=O)C,24,functional_group
(CCN1,14,atom
)(,525,atom
[K+].,58,ionic
[K,297,ionic
CCOC(=O)N1,120,functional_group
CCC(N,302,atom
cc(Cl)cc,30,atom
Fc1ccc(,397,ring
CCNC,408,atom
[C@H]2CO,387,ionic
3)cc1,668,ring
O=C(N[C@H]1,42,functional_group
ccc(Cl)s,36,atom
CO[C@]12CC[C@@]3(C,232,ionic
c4ccc(O),301,atom
c5c4,386,atom
[C@@]3(CC,248,ionic
CC1CC1,239,ring
COc1cccc2,551,ring
n2C,430,atom
C2=C1,81,functional_group
O=C(NCCN1,147,functional_group
CCOCC1,206,ring
(CCCC)(CCCC,7,atom
COc1ncc(,12,ring
nccc(,37,atom
ccnn,12,atom
)c3c2,311,atom
NS(=O)(=O)c1ccc(,100,functional_group
c(F)cccc1,26,ring
[Zn,208,ionic
COC(=O)C1=C(,9,functional_group
2)S,26,atom
[C@@H]([C@@H](C)O)C(=O)N,216,functional_group
12,275,atom
Clc1ccccc1,147,ring
(C)C1,257,ring
CO[C@@H]1,293,ionic
O[C@H](CO)[C@H](O)[C@H](O),301,ionic
[C@@H](NS(=O)(=O),47,functional_group
c2ccccc2)cc1,505,ring
Nc1n,616,ring
Cc1cccc(,491,ring
CC(C)[C@H](N,110,ionic
[C@@H](OC,332,ionic
Cc1cccc,55,ring
)C(C)C)C,34,atom
c2cc(Br)c(O)c(Br,50,atom
c(NS(=O)(=O),275,functional_group
)nc(,301,atom
c2ncccn2,498,atom
CC(=O)N[C@H]1,111,functional_group
2C=C,114,functional_group
[C@@](N),22,ionic
NC2=O),10,functional_group
O[C@@H]1,485,ionic
c(cc3,411,atom
[C@@H]5,760,ionic
CO[C@@H](,54,ionic
c6cccs,54,atom
6)O,65,atom
[C@H]23),115,ionic
[C@]2(O)C(=O),64,functional_group
CCC(=O)O,421,functional_group
C[C@H]1O[C@@H](O,206,ionic
[C@H](O[C@H]3,390,ionic
[C@]5(C),272,ionic
[C@H]6CC,15,ionic
[C@]7,412,ionic
=CC(=O)OC,220,functional_group
[C@@H]6CC,202,ionic
C4,392,atom
[C@@H]3C),272,ionic
=CCN,34,functional_group
CC=C,36,functional_group
COc1cc2nccc(,89,ring
c4cc(C)o,7,atom
)c(Cl)c3,61,atom
)C(=O)O)C(=O)O,180,functional_group
CC(C)(N)C,214,atom
Cc1cc2c(cc1,67,ring
[n+](,22,ionic
NC(=O)c2ccc(CN,133,functional_group
C[C@]12CC[C@H]3[C@@H](CC=C4C[C@@H](O)CC,161,functional_group
=C2,491,functional_group
[C@]4(C)[C@H]3[C@@H](O)C,182,ionic
Oc3ccc(Cl)cc3,223,atom
O=C1Nc2ccccc2,58,functional_group
C1=N,185,functional_group
c1nc(,367,ring
c2ccc(CN,114,atom
c3nc4ccccc4[nH],13,ionic
C(F)(F),64,atom
c2nc3ccccc3s2,20,atom
nn,141,atom
CC(=O)Oc1ccccc1,261,functional_group
C(=O)O.,33,functional_group
[Al,768,ionic
CC1=C(,12,functional_group
c2cc(Cl)cc(Cl)c2,22,atom
2CCC,861,atom
[C@]12,102,ionic
Cc1ccc(C,281,ring
#N)cc1,12,ring
[C@H](O)C(=O)N,204,functional_group
[C@@H](O[C@H]2,276,ionic
O[C@H](CN)[C@@H](O)[C@H](O),183,ionic
O[C@H](CO)[C@@H](O),1247,ionic
CCC2,302,atom
N[C@H](CC,32,ionic
6CCCC6,168,atom
)CC5,194,atom
CCC(C)(C),169,atom
C(=O)O[C@H]1C,284,functional_group
=C2C=C,227,functional_group
[C@H](C)[C@H](CC,287,ionic
[C@@H]3C[C@@H](O)CC(=O)O,191,functional_group
nsnc1,96,ring
N1CCOCC,100,atom
c2nc3c(,62,atom
C2CC,71,atom
CC1C,51,ring
sc(,93,atom
c2ccccc2)c1,554,ring
[C@@]1(C),163,ionic
[C@@H]2CC[C@@H](C,7,ionic
c3ccccc3S,1007,atom
c3ccc(Cl)cc3,752,atom
CCCCNCCCCN,7,atom
CCCCNC,14,atom
NC(=O)N1,360,functional_group
Oc1ccc(OC,4,ring
[C@@H](OP(=O)(O)O),247,functional_group
[C@H](OP(=O)(O)O),132,functional_group
O=C(CC1,21,functional_group
c2ccc(Oc3ccc(Cl)cc3,17,atom
)CCOCC,41,atom
c(O)cccc3,10,atom
oc2c1,39,ring
c(O)cccc2,22,atom
c1ncn,289,ring
2CCCC,117,atom
[C@H]2C[C@@H]3,193,ionic
c4[nH],201,ionic
cc(OC)ccc5,182,atom
CCN3C,199,atom
c2cc(OC)c(OC)c(OC)c2,274,atom
)[C@@H]1,300,ionic
O=C(Nc1ccccc1,76,functional_group
cccnc1,506,ring
c(Cl)cc1,7,ring
[C@H](NC(=O),405,functional_group
CCC(=C2,227,functional_group
c3ccccc3CC,100,atom
c3sccc3,70,atom
CC1=C2,51,functional_group
[N+]3,238,ionic
=C(C,980,functional_group
=C4,193,functional_group
[N+]5,40,ionic
=C6,40,functional_group
7,354,atom
[C@@H]8,48,ionic
[C@@]6(C)CC,47,ionic
n6,59,atom
c[n+],177,ionic
c9,61,atom
cc(C)c(C),61,atom
cc9,40,atom
n5cnc6c(N)ncn,15,atom
c6,87,atom
[C@@H]3O),152,ionic
[C@](C)(CC,40,ionic
[C@]8,55,ionic
C4(C)C),40,atom
[C@]2(C)CC,75,ionic
CC(=O)n1,11,functional_group
[C@H](O[C@@H]3,193,ionic
CCN(CC)C,139,atom
c1cc(N,170,ring
c2ccnc3cc(Cl)ccc2,66,atom
3)ccc1O,77,ring
OC2,185,atom
c3nccnc3,163,atom
c2ccc(Cl)cn2,164,atom
c1ccccc1)/,10,ring
Nc1nc(O),42,ring
)c(O)n1,41,ring
CN(CC(=O)O),77,functional_group
P(=O)(O)O),838,functional_group
CC(C)(O)C,19,atom
c1cccc(N,15,ring
COc1cc2c(,131,ring
c(OC)c1,119,ring
c1ccc(OP(=O)(O)O)cc1,17,functional_group
CC(C)Nc1,128,ring
CC(C)CN(C[C@@H](O)[C@H](Cc1ccccc1)NC(=O),271,functional_group
CO[C@H]2,260,ionic
2)S(=O)(=O),267,functional_group
cnc2,117,atom
[C@H](O)[C@@H](CO),308,ionic
)c[nH]c12,47,ionic
C[C@@H](O,473,ionic
[nH]2),455,ionic
(C(F)(F)F,715,atom
c2ncn(,171,atom
[C@@H]3O[C@H](C,152,ionic
c1c(C,81,ring
c3c(C,13,atom
)c(n3,25,atom
c2ccnc(N,86,atom
3CCN(C,45,atom
)cc1[N+](=O)[O-],51,functional_group
[C@](O)(,162,ionic
O[C@H](,261,ionic
C1(C)C,21,ring
CC(=O)C,29,functional_group
[C@H]3[C@@H]4CC,109,ionic
c4ccccc4,162,atom
)c12),13,ring
CCCC3,28,atom
c2cccc(Cl)c2Cl,111,atom
)c(N)n1,192,ring
CN=C(N,17,functional_group
sccc2,10,atom
)c2ncn(,29,atom
[C@H]3C=C,49,functional_group
ccccc12,400,ring
CC2(CCCC2),130,atom
CC(=O)N1,494,functional_group
C(=,80,functional_group
)CN1,67,atom
COc1cccc(C,47,ring
[C@@H](N)C,401,ionic
c2cnc[nH]2),12,ionic
COCCN1,141,atom
Cc1ncccc1,29,ring
OC[C@@H]1,59,ionic
cc(C)c1,69,ring
O)c(C,366,atom
(C)C)c1,252,ring
CC[C@]1(O)C,229,ionic
[C@@H]2CN(CC,186,ionic
[C@@],368,ionic
[C@]5,278,ionic
(CC)C=CCN,276,functional_group
6CC,228,atom
[C@]4,375,ionic
C1CCCC,114,ring
c2ccccc2c1,115,ring
CC1=N,293,functional_group
c2ccc(C)c(C)c2,54,atom
=N\,138,functional_group
Nc1cccc(,69,ring
[n+]([O-],33,ionic
[n+]1[O-],102,ionic
[I-].,40,ionic
)cn3,457,atom
=NC(=O),20,functional_group
S(=O)(=O)N2CC,29,functional_group
c3cc(O),17,atom
[C@@H]2C(=O)N,86,functional_group
occc2,8,atom
c2cccs,115,atom
2)s1,358,atom
Nc2ncnc3cc(,71,atom
OCCOC,225,atom
)c(OCC,119,atom
)cc23)c1,106,ring
B(O),137,atom
[C@@H](O)CC,569,ionic
[C@@]1,589,ionic
[C@]2(O)C,129,ionic
c2nccc3,24,atom
=CC(=O),220,functional_group
c1ccc(Cl)cc1),113,ring
[C@H](N)C(=O)O,450,functional_group
c3ccc(N,609,atom
c4ccc(C,106,atom
nc4,208,atom
)C(=O)O),246,functional_group
c1cnn2,89,ring
c(NC,156,atom
OCCN(C)C,180,atom
c2ccccc2)C1,168,ring
N2CC,163,atom
3CCCC3,365,atom
C2)cc1,190,ring
c2cc(NC(=O),193,functional_group
c3ccc(C)c(N,157,atom
c4nccc(,159,atom
c5cccnc5,163,atom
)n4,151,atom
)cc(C,239,atom
(F)(F)F)c2,675,atom
c1o,213,ring
cc2c1,300,ring
c1ccc(OCC,194,ring
CN(CCCC,149,atom
[C@@H](NC(=O)C,131,functional_group
n1c(,26,ring
c1nnc(C,32,ring
O=C1O,64,functional_group
[C@]2(CC,77,ionic
c3ccn(,13,atom
c4ccccc4F),23,atom
C(=O)N[C@H](C,155,functional_group
[C@@H](C)[C@H]1CC[C@H]2,103,ionic
C(=C/,373,functional_group
[C@@H](O)C[C@H](O),70,ionic
)CCC,236,atom
)C(C)(C)O,37,atom
Oc1cccc2,409,ring
cccs,426,atom
nc(C)c(,9,atom
c1O,242,ring
[Cl-].,260,ionic
[NH4,56,ionic
O=C(O,390,functional_group
)[C@@H](OC(=O),67,functional_group
)[C@H](OC(=O),25,functional_group
OC(=O)c1cccnc1,10,functional_group
CCCCn1,256,ring
c2cc(OC)ccc2,37,atom
c(F),43,atom
COC1,60,ring
=C(OC,45,functional_group
)C(=O)C,175,functional_group
(CC=C(C)C),19,functional_group
=C(C)C,271,functional_group
1=O,91,functional_group
CCCOC,17,atom
OP(=O)(O)O),1052,functional_group
[C@@H](O)C(O),119,ionic
CCC(O),259,atom
CCc1c[nH],31,ionic
c(N)nc2,49,atom
CC1CN,70,ring
[C@@H](CCC(=O)O),268,functional_group
C(=O)O)cc1,438,functional_group
NC(=O)c1ccccc1,48,functional_group
ccnc(N,98,atom
c2cccc(O)c2,205,atom
CCCl,248,atom
[N+](C)(C)C,225,ionic
CCC1(C,452,ring
CCOC(=O)c1c(N,12,functional_group
Nc1nc2,369,ring
nc(NC,11,atom
c4cccs4),14,atom
c1ncn2,263,ring
O=C1c2ccccc2C(=O),105,functional_group
CCCCCCCCCCCC,310,atom
nnc1,25,ring
CCCCCCCCc1ccc(,50,ring
CCC(N),103,atom
(CO)C,70,atom
CCCc1,157,ring
cc(CC(=O)O),20,functional_group
c(CC,336,atom
Cc1ccc(C(=O),157,functional_group
c2cc(O)c(O),94,atom
)c2)cc1,118,ring
cccc(C,304,atom
COc1c(N,63,ring
[C@@H]3CCCN,32,ionic
[C@@H]3C2,56,ionic
cn(C,198,atom
3CC3,109,atom
c3[nH],84,ionic
s1,417,atom
O=C1N(C,30,functional_group
c2cccc(C,360,atom
c3nc4ccccc4[nH]3,8,ionic
Cc1cccc(C,114,ring
c2nc3ccccc3[nH]2,78,ionic
CCc1cc2,129,ring
c(C)nnc1,26,ring
c1ncc2,9,ring
c(I,141,atom
OCC(C,102,atom
OC(=O)CCCCCCC,45,functional_group
CC(C)N(C,20,atom
c1ccccc1)C(=O),39,functional_group
c2c[nH]c3ccccc23,33,ionic
nnc(,17,atom
c3ccccc3)n2,9,atom
CCCCN1C,22,atom
COC(=O)CC,86,functional_group
CC(C)(C)c1nc(,284,ring
c2cccc(NS(=O)(=O),284,functional_group
c3c(F)cccc3,325,atom
F)c(,411,atom
ccnc(N)n,295,atom
CC[C@@H]1,316,ionic
[C@H],161,ionic
CCCCCCCCCCCCCCCC(=O),43,functional_group
O[C@H](COC(=O),45,functional_group
O[C@@H](CO),19,ionic
(F)(F)F)cc3,442,atom
n2c(SC,10,atom
c3cccc(F)c3,31,atom
F)cc,79,atom
COC(=O)C(,210,functional_group
CCn1,331,ring
c1oc2ccccc2,238,ring
c2n[nH]c(,18,ionic
c3ccc(Cl)cc3)c2,7,atom
[C@H](C[C@@H]1CCNC1=O),28,functional_group
NC(=O)[C@H](CC(C)C)NC(=O),57,functional_group
c1cco,41,ring
)C(C)C)C(C)C,36,atom
[18F,28,ionic
(=S),777,functional_group
C[n+]1,65,ionic
c2ncn,59,atom
OCCCC,255,atom
c3nnnn3,106,atom
[C@H]2[C@@H]3CC,328,ionic
c4cc(OC)ccc4,57,atom
[C@H]1CC[C@H]2[C@@H]3CC[C@H]4C,37,ionic
[C@H](O)CC[C@]4(C)[C@H]3CC[C@]12C,18,ionic
CCc1cccc2,97,ring
c3c([nH],89,ionic
c12)C,83,ring
(CC),221,atom
(CC(=O)O)OCC,83,functional_group
n2cn,112,atom
c3c2,346,atom
CC(CN,211,atom
(C)C)C,674,atom
cc(CN,86,atom
)nn1,56,ring
COc1ccc(CNC(=O)N,7,functional_group
c2ncc(,111,atom
)s2)cc1,24,ring
c1oc2ccccc2c1,130,ring
)c(O,252,atom
)c(I)c1,166,ring
Cc1cccc(C)c1,202,ring
NC(=O)C(C),28,functional_group
O=C1NC(=O),57,functional_group
[C@]2(N,5,ionic
O[C@H](CO)[C@@H](O)[C@H](O)[C@H]2O,29,ionic
c2no,164,atom
c3cc(O)ccc2,20,atom
)c(O)c1,104,ring
C4=CC(=O)C=C,290,functional_group
Clc1ccc2,154,ring
nc2c1,248,ring
OC[C@H]2,11,ionic
c2ccc(O)cc2)cc1,30,ring
ncnc2,34,atom
FC(F)(F)c1cccc(C,17,ring
=CCN(CC,17,functional_group
c4ccccc4)cc3,59,atom
CC[C@H](C)[C@H](NC(=O),111,functional_group
[C@@H](N)CCCNC(=N)N,45,functional_group
[Fe,531,metal
.[O-],104,ionic
N=C/,301,functional_group
CC(C)(C)c1ccc(CN,15,ring
CC(CCc1ccccc1)N,143,ring
Cc1[nH]cnc1,33,ionic
C[C@H](N)C,110,ionic
CCCCCCO,182,atom
COc1ccc2nc3cc(Cl)ccc3,15,ring
CCCN(CC,191,atom
Cl)CCCl,34,atom
c1ccc2ccccc2c1,136,ring
cn(,202,atom
[C@@H](O)[C@H]2,24,ionic
[C@@]3(O),406,ionic
[C@@H]4CCCN4C(=O),178,functional_group
c4ccccc4)N,196,atom
3C2=O),170,functional_group
C[C@@H]2,115,ionic
([O-])O,397,ionic
[C@@H]1CO,71,ionic
[C@@H]2[C@@H](O),231,ionic
N#C,381,atom
[Fe-2],80,metal
(C#N),235,atom
#N)(C#N,102,atom
Oc2ccc(NC(=O)N,145,functional_group
c3ccc(Cl,145,atom
(F)(F)F)c3,368,atom
O)c(,371,atom
Br)c,75,atom
[C@H](O)[C@@H](COP(=O)(O)O),135,functional_group
c1ccc(I,184,ring
)NC,116,atom
[P@,137,ionic
CN(c2ccccc2,14,atom
)S(=O)(=O)N,52,functional_group
C[C@H](O),398,ionic
CNCC(O),99,atom
OC(=O)C(C)(C)C,200,functional_group
[C@@H]1CCCN1C(=O)C,101,functional_group
c1ccccc1)NC(=O)[C@H](CC,617,functional_group
NC(=O)[C@H](CC,442,functional_group
NC(=O)[C@H](CO),139,functional_group
NC(=O)[C@H](CO)NC(=O)[C@H](C,144,functional_group
[C@@H](NC(=O)[C@H](CC,175,functional_group
(C)C)NC(=O)[C@H](C,111,functional_group
NC(=O)[C@H](C)NC(=O)[C@H](CC,248,functional_group
(C)C)NC(=O)[C@H](CCCNC(=N)N)NC(=O)[C@H](CC,108,functional_group
[C@@H](NC(=O)[C@H](C)NC(=O),114,functional_group
[C@@H](C)O)C,214,ionic
)C(=O)N[C@@H](CC(C)C)C(=O)N,117,functional_group
C(=O)N1CCC[C@H]1,184,functional_group
CC(=O)N[C@@H](CO)C(=O)N[C@@H](CC,101,functional_group
[C@H]2C=C,55,functional_group
[C@@H](CO,54,ionic
c2ccc(OP(=O)(O)O)cc2,14,functional_group
c2nccs,27,atom
[C@]23C,25,ionic
[C@@]1(O)CC,250,ionic
[C@@](C),169,ionic
O1),64,atom
[C@H]2[C@@H]3,25,ionic
c1nnc(,142,ring
c3ccc(Cl)cc3CC,64,atom
c3cccnc3,194,atom
CCOc1ccc2,103,ring
nc(S,94,atom
sc2c1,92,ring
OC(CN,201,atom
[C@H]2N,182,ionic
[C@H]1OC,71,ionic
[C@](C)(O),122,ionic
)C(=O)OC(C)(C)C,9,functional_group
N[C@@H](CS,97,ionic
c2c(nc3,169,atom
ccccc13),212,ring
CCCC2,393,atom
C2=C(O),70,functional_group
(O)C(=O),266,functional_group
c1ccc(C(=O),119,functional_group
c2ccccc2)s1,105,atom
NC(=O)c1ccc(N,60,functional_group
c(OCC,69,atom
(C2CC,36,atom
2CCN=C2,13,functional_group
C(C)(C),539,atom
Cc2c(O)cc(O),13,atom
c1cc(O)c(O),65,ring
cc(O)c(O)c(O),21,atom
CN(C)Cc1ccc2,10,ring
[nH]c(N,8,ionic
)c(C(=O),84,functional_group
c3ccc(OC)cc3),8,atom
s2)cc1,72,ring
CCC(=N)N,10,functional_group
)C(=O)O)c1,63,functional_group
N[C@H](C,323,ionic
cccc(Cl)c1,107,ring
c1nc2,176,ring
ccc(C(=O),67,functional_group
c3ccc(F)cc3)cc2,24,atom
CC(C)c1cc(C,9,ring
)c(CC(=O)N,9,functional_group
)cccc2,91,atom
S(=O)(=O)CC,130,functional_group
[C@@H](OC(=O)C,87,functional_group
CC[C@@H](C),123,ionic
[C@]2(CC[C@@H]1C)C,25,ionic
[C@@H]1C[C@@H](C,55,ionic
)[C@@H](O,39,ionic
[C@H](C)O3),106,ionic
[C@@H]4[C@H](O)C,25,ionic
[C@@H](C(=O),60,functional_group
[C@]34,70,ionic
[C@H](O[C@H]2,213,ionic
[C@@H](O[C@@H]3,59,ionic
[C@@H]4C,141,ionic
5)O,25,atom
C=C(C),317,functional_group
[C@H]5OC,32,ionic
[C@@]45,41,ionic
[C@@H]2OC,25,ionic
O[C@@H](C),196,ionic
[C@@H](O)[C@@H](O)[C@@H]1O,102,ionic
Brc1cccc(,24,ring
c3ccc4c(c3,186,atom
n2)c1,124,ring
[C@H](C)C(=O)O),100,functional_group
ccc2c1,368,ring
CCc1ccc(,315,ring
NC(=S)N,82,functional_group
)cn2,235,atom
)c1F,185,ring
CC(C)[C@H](C,25,ionic
CCN1C(=O),142,functional_group
COc1cc2c(N,68,ring
F)ncn,118,atom
c2cc1,125,ring
OCC1,112,ring
)n[nH]1,44,ionic
CCC1=C(C,35,functional_group
)c2cc3,52,atom
[n-],234,ionic
c(cc4,21,atom
)c(C)c5,35,atom
=C4C,70,functional_group
)c(C)c3,82,atom
[Cl-].[Cl-].,119,ionic
)n(C,196,atom
c2ccccc2C#N,126,atom
Nc1cccc(C,54,ring
N=C(N)NC(=O),119,functional_group
Cc1c(Cl)cccc1,149,ring
Cc1c(C(=O)N,76,functional_group
)cccc1,125,ring
c1ccc(OC(F)(F)F)cc,100,ring
NC(=O)NC(=O),10,functional_group
CC(=O)c1ccc(,163,functional_group
c2cc(NS(=O)(=O),16,functional_group
c3ccc(C)cc3C,10,atom
)c(C(=O)O),150,functional_group
S)N,63,atom
Cc1nc(C,119,ring
OC(c1ccccc1),216,ring
c(Cl)n,112,atom
Nc1cc(N,57,ring
)ncn1,30,ring
CCCN3CC,33,atom
c5ccccc45),10,atom
(C(=O)OC,164,functional_group
)[C@@H]3,29,ionic
[C@@]3(C)[C@@H](CC,122,ionic
[C@@]34CC,94,ionic
F)c(N,168,atom
4CC4)c3c2,115,atom
F)C,494,atom
Cc2c(,59,atom
F)c(F)c(F)c(F)c2,11,atom
CCn1ncc2,17,ring
C3CCOCC,30,atom
)c(C(=O)N,476,functional_group
Cc3ccccc3,149,atom
)cnc2,80,atom
CC2(CC,87,atom
(F)(F)c2,141,atom
c4ccc5,285,atom
[C@H]7,87,ionic
CC[C@H](C,126,ionic
)N6,87,atom
3)[nH],95,ionic
COc1cc(C(=O)N,70,functional_group
S(=O)(=O)c2ccccc2,57,functional_group
C)ccc1,48,ring
(C)c2ccc(,29,atom
NC(=O)OC,77,functional_group
CCOCC,320,atom
c4ccc(O,15,atom
c1cnc2nc(N)nc(N)c2n1,132,ring
[C@H](O)C=C,60,functional_group
[C@@H](O)C[C@@H](O)CC(=O)O),84,functional_group
c1ccc(O)c(,68,ring
CCCCN(CCCC,44,atom
c1cc2,426,ring
c(Cl)cc(Cl)cc2,52,atom
ccc12,551,ring
CCNC1,98,ring
C2CCC(C,80,atom
O=C(,450,functional_group
)c1ccc2,484,ring
2C(=O)O,106,functional_group
[C@@H]2CCCC[C@@H]2,150,ionic
C(=O)OC1,7,functional_group
Cl)c2,67,atom
cc(Br)ccc2,81,atom
[C@@H]3N,20,ionic
[C@H](CO)[C@@H](O),34,ionic
OC[C@H]2O,165,ionic
ccc(O),76,atom
nc3,158,atom
[C@H](O)[C@@H]2,165,ionic
S(=O)(=O)O,122,functional_group
P1,123,atom
(CCCl)CCCl,121,atom
CCCO,211,atom
Cc1cnc(,107,ring
)s1,391,atom
O[C@H]2C,127,ionic
CN(C)c1ccc(C,42,ring
CCCCCCCCCCCCCCCC(=O)N,59,functional_group
CC(=O)N[C@@H](CC,114,functional_group
C(=O)N[C@@H](CCCN=C(N)N,13,functional_group
Nc1ncnc2c1,51,ring
Br)n2,15,atom
oc(C,189,atom
c34,27,atom
s1)N,33,atom
n2c(,33,atom
Cc1n[nH],57,ionic
cc(OC[C@@H](N)C,38,ionic
c4c[nH]c5ccccc45,14,ionic
C[C@]1,87,ionic
OC(O),103,atom
[C@@H](O)[C@@H](O),158,ionic
CC[C@@H](N,33,ionic
Cc1ccc(NS(=O)(=O),26,functional_group
(C#N,86,atom
1Cc2ccccc2,119,atom
CC(=O)OCC(=O),222,functional_group
[C@]4(C)[C@H]3,113,ionic
(O)C(O),489,atom
=C3C(=O),207,functional_group
c4c(O)cccc4,131,atom
[C@@H]2CCCN2C(=O),59,functional_group
CCCC(=O)OC,63,functional_group
CCN(CC)C(=O),228,functional_group
CC(Cc1ccccc1)N,91,ring
[C@]12O[C@H]1,17,ionic
[C@@]13,41,ionic
CCC4,62,atom
OC4=O),213,functional_group
C[C@@H]1O,35,ionic
Oc2ccccc2)c1,97,ring
Nc1cc(,109,ring
CCOc1ccc2ccccc2c1,87,ring
#CCC,196,atom
)C(=O)NC(=O)N,208,functional_group
(C)C1=O,265,functional_group
OCC(=O)O,28,functional_group
c1ccccc1)C(=O)O)C(=O)N,145,functional_group
CC(=O)N1C,76,functional_group
)C[C@H]1,101,ionic
[C@@H]3O[C@H](CO)[C@@H](O),48,ionic
NC(=O)c1cccnc1,80,functional_group
[C@H](O)[C@@H](O)[C@H](O),151,ionic
CO),76,atom
n2CC,13,atom
[C@H](N=[N+]=[N-])[C@@H](C,30,functional_group
P(=O)([O-])O,48,functional_group
P(=O)([O-])OC,18,functional_group
NC(=O)C1=C,20,functional_group
O)[C@@H](O),428,ionic
COC(=O)N1CC,13,functional_group
[C@@H]2[C@H]1,19,ionic
[C@@]2(O)C,20,ionic
[N+]1,103,ionic
([C@H]2C,76,ionic
6CCOCC,57,atom
6)C,196,atom
[C@]5(C)[C@H]4CC,65,ionic
[C@]3(C)[C@H]2,65,ionic
)sc1,66,ring
C(=O)O)C(=O),21,functional_group
c2c(n,83,atom
4CCC,136,atom
5CCCCC5,75,atom
)CC4,214,atom
c2c[nH],324,ionic
c3ncc(,160,atom
c4ccccc4)cc2,14,atom
OCC(CO),4,atom
(CO)CO,52,atom
[C@H]([C@@H]2,13,ionic
NC(=O)[C@H](CO)NC(=O),44,functional_group
[C@@H](N)CCCN,44,ionic
)CN,92,atom
[C@H](O)[C@H]1O,113,ionic
Cc1c(CC,83,ring
c2n3,16,atom
c(C)c4,97,atom
c(C)c(,66,atom
NC(=O)[C@@H](C,55,functional_group
NC[C@@H]1O,108,ionic
[C@@H](CO)O[C@@H](O,192,ionic
[C@@H](O)[C@H](N)C[C@H](N),117,ionic
[C@H]3N,108,ionic
[C@H](N)[C@@H](O)[C@@H]1O,179,ionic
COc5ccccc5,81,atom
c(ncn2,89,atom
Nc1nn,52,ring
c1c[nH]c2ccccc12)C(=O),10,functional_group
c1ccc(O),80,ring
c2ncccc12,28,ring
N(CC,317,atom
CCCN2,21,atom
NC(=O)[C@H](N,132,functional_group
)C3,200,atom
CCCCc1ncc(,45,ring
2)C(=O)O),71,functional_group
C(=C)C,152,functional_group
(S,198,atom
C(=O)[O-],182,functional_group
C(=O)N3C,64,functional_group
c4nnnn4C,19,atom
)CS,207,atom
)c2ccc(O)cc2,63,atom
c1ccccc1)C(=O)N[C@@H](C,27,functional_group
C=C(N,41,functional_group
NC(=O)OCC,101,functional_group
(COC,101,atom
C(=S)N,256,functional_group
c(C#N,89,atom
)C(=O)C2,263,functional_group
3CCC3,28,atom
)cc1F,404,ring
O[C@H](C),57,ionic
5C(=O)OC,15,functional_group
c4c3,110,atom
NC(=O)NC3=O),15,functional_group
cc(Cl)c(Cl,76,atom
c2c(Cl)cccc2Cl,138,atom
[C@@]4(O),196,ionic
c2s,94,atom
c3cc(O)ccc3c2,11,atom
(CCC(=O)N,87,functional_group
c5c(O),21,atom
ccc(C(=O)O),63,functional_group
[C@H](C[C@@H]1,22,ionic
c2ccccc2n1,431,ring
C1CCN(CC,228,ring
ccc(F)cc2,235,atom
n3cncn3,55,atom
COC(=O)[C@H](C,59,functional_group
c1ccc(O)cc1)NC(=O)C,30,functional_group
NC(=O)CNC(=O)[C@H](CC,37,functional_group
(C)C)NC(=O)[C@@H](N)C,8,functional_group
c2ccc(OC(F)(F)F)cc2,11,atom
CCN(CC)C(=O)C1,165,functional_group
[NH2+],342,ionic
C(=C2,41,functional_group
c2c(O)ccc(O)c2,29,atom
c2c(N,122,atom
c1n,465,ring
[nH]c(nc3,7,ionic
nc([nH],7,ionic
c4nc(,7,atom
c2cccc(F)c2,140,atom
CC[C@H](C)[C@H](NC(=O)[C@H](CCC(=O)O)NC(=O)[C@H](CC,44,functional_group
C(=O)O)NC(=O)[C@H](C,57,functional_group
(=O)O)NC(=O)CNC(=O)[C@H](CC,44,functional_group
NC(=O)CNC(=O)C,53,functional_group
NC(=O)CNC(=O),81,functional_group
[C@@H]1CCCN1C(=O)[C@H](CC,124,functional_group
CNC(=N)N)NC(=O),68,functional_group
C(=O)N[C@@H](CCC(=O)O),79,functional_group
C(=O)N[C@@H](CCC(=O)O)C(=O)N[C@@H](C,66,functional_group
)C(=O)N[C@@H](CC(C)C)C(=O)O,44,functional_group
CC(=O)CC,118,functional_group
[C@]34C)[C@@H]1CC[C@@H]2,9,ionic
C[C@@H](NC(=O),25,functional_group
c(Cl)ccc(,158,atom
CCc1nn(C,10,ring
2CCCC2,371,atom
CCn1c(,26,ring
c3cccs3)n,28,atom
c1ccc2ccccc2c1)C(=O)N,58,functional_group
1)C(=O)N[C@H](C,73,functional_group
)C(=O)N[C@@H](CO)C(=O)N[C@@H](C,37,functional_group
)C(=O)N[C@H](CCCCN,5,functional_group
C(=O)N[C@@H](CC(C)C,31,functional_group
(C)C)C(=O)N1CCC[C@H]1,37,functional_group
[C@@H](c2ccc(Cl)c(Cl)c2,196,ionic
CC(NC(=O)C,14,functional_group
c1c[nH]c2ccccc12),36,ionic
)C(=O)NC(CC,14,functional_group
CN=C(N)N,14,functional_group
c2ccc3c(c2)n,14,atom
cccc(N,26,atom
)c3n2,81,atom
c2ccc(Cl)cc,168,atom
2C(,133,atom
NS(=O)(=O)c1ccc(NC(=O),20,functional_group
c5ccc(OCCN,14,atom
6CCOCC6,14,atom
(Br),21,atom
Nc1ccccc1,67,ring
O=C(NC1,116,functional_group
OC1(CN,9,ring
c4cccc(,50,atom
[C@@H]5CC,51,ionic
OC5,34,atom
)c34,9,atom
)CCOCC1,21,ring
O.O.O.O.,164,atom
T,93,atom
O=S(=O)(N,140,functional_group
cc(Cl)c(,83,atom
c2cnc3ccccc3c2,41,atom
CCNC(=O),193,functional_group
CCOc1cc2ncnc(N,8,ring
c4cs,14,atom
c(CO),20,atom
)c2cc1OCC,8,ring
ccn(,409,atom
O3),41,atom
nc2ccccc1,10,ring
O[C@H](CO)[C@H](O),60,ionic
(O)CCCCC,62,atom
NC(=O)CCC,47,functional_group
[N+](=O)[O-])cc1,130,functional_group
nc[nH],43,ionic
c1ccc(Br)cc1,300,ring
Oc1ccccc1,150,ring
COCCOCC,24,atom
[C@H](O)[C@@H]3,142,ionic
CCOc1nc2,107,ring
c3o,64,atom
c(C=O),107,functional_group
CCCCN(C,89,atom
OS(=O)(=O)O),295,functional_group
[C@@H]1CCC2=O,193,functional_group
OC1=C,13,functional_group
NC1=,32,functional_group
C2C3,5,atom
OC4,20,atom
(O)C2,37,atom
[C@@H]4O),37,ionic
1)N2CC,80,atom
C1CCC,62,ring
c2ccccc2Cl,167,atom
c2cnc(N,27,atom
c3c(F)cccc3F),57,atom
CCN(C)CC2,224,atom
)ncc1,209,ring
N(C)C(=O),335,functional_group
#C,100,atom
CCCN(C,23,atom
c2ccccc2CC,169,atom
)nc(N,285,atom
[C@@H](O)CN,129,ionic
CSCC,107,atom
)C(=O)N1CC,14,functional_group
CCOP(=O)(OCC,53,functional_group
)C(=,17,functional_group
P(=O)(OCC)OCC,17,functional_group
COP(=O)(O),147,functional_group
c2cc1C,49,ring
\C=C\C(=O)N,21,functional_group
)C(=O)N[C@@H](CCCCN)C(=O)N[C@@H](C,47,functional_group
C(=O)N[C@@H](CC(=O)O),43,functional_group
C(=O)O)C(=O)N[C@@H](C,21,functional_group
[C@H]2C(=O)N,234,functional_group
C1C,52,ring
COc1c(C)c2,129,ring
CCn1ccc(,12,ring
c2ccc(N)cc2,267,atom
COc1cc(NC(C)CCCN,48,ring
)c2ncccc2,62,atom
CCN(CC)S(=O)(=O),21,functional_group
c1ccc(Cl,70,ring
c3c(c2,34,atom
N[C@@H](CC(=O)O),30,functional_group
c(Br,55,atom
OCCCO,75,atom
NC(=N)N,156,functional_group
Cc1ncc(C,256,ring
N=C(,167,functional_group
c2ccccc2)nnc1,15,ring
CCN1CCOCC,109,atom
C3(CCN(CC,209,atom
(C)C)CC,315,atom
3)N,234,atom
C2=C(,264,functional_group
)C4=O,216,functional_group
NC(=O)c1cccc(,40,functional_group
3CC,271,atom
[C@]4(C),24,ionic
[C@]6(C),9,ionic
[C@]6(O),9,ionic
)O[C@@H]2C,9,ionic
O[C@H](CO)[C@@H](O)[C@H](O)[C@H]2O),67,ionic
[C@@H](O)[C@H](O)[C@@H](O),132,ionic
CN(C)c1ccc(,262,ring
C[C@H]3,253,ionic
2CCCCCC2,57,atom
c2ccc(C),15,atom
[C@@H](O)[C@H](O,112,ionic
c(NC(=O),23,functional_group
c(CC=C(C)C,25,functional_group
OC1(C)C,31,ring
O=C(Nc1nccs,22,functional_group
c3cccc(C(=O)N,11,functional_group
c4nccs,14,atom
4)c3,37,atom
c3ccccc3),357,atom
COC1=C(OC)C(=O),23,functional_group
=C(C)C),70,functional_group
CCC(=O)OC,19,functional_group
OP(=O)(O)OC,204,functional_group
[C@H](N)C(=O)O),216,functional_group
OC(=O)CC,115,functional_group
\CC,54,atom
nc1C(=O)N,39,functional_group
OB(O),38,atom
O)cc2)cc1,19,ring
C[C@@H]1CC[C@H]2[C@@H](C),32,ionic
[C@@H]3O[C@@]4(C)CC,11,ionic
OO,86,atom
COC(=O)N,243,functional_group
c(C)c(C,84,atom
O2)C,37,atom
c2c(C),179,atom
cc(n2,12,atom
[C@@]12CC,22,ionic
[n,236,ionic
H,478,atom
+],428,atom
c(O,23,atom
N12,45,atom
CSC,101,atom
Nc2,69,atom
3CCOCC3,107,atom
nc(C)c(C,11,atom
c4ccc(Cl)cc4,175,atom
n3n2,11,atom
OCC(C)C,130,atom
O)c(OC)c1,69,ring
CC[C@H]1OC(=O)C[C@@H](O)[C@H](C)[C@@H](O[C@@H]2O,22,functional_group
=O)C,194,functional_group
[C@H](C)[C@@H](O)[C@@H](OC),22,ionic
C(O,201,atom
CC1CC,153,ring
c2c(O)cc(O)cc2,15,atom
c2ccc(O)c(O)c2,83,atom
c2cnn(C)c2,10,atom
)cc(N,22,atom
c2cnccn2,18,atom
CC[C@@H](C,75,ionic
NC(=O)c2ccc(C,25,functional_group
CC(C)C[C@H](NC(=O)[C@H](CC,17,functional_group
)C(=O)N[C@@H](Cc1ccccc1,50,functional_group
)C(=O)N[C@@H](CC(C)C,45,functional_group
CO1,97,atom
CC[C@H](C)[C@H](NC(=O)[C@H](Cc1ccc(O)cc1,21,functional_group
)NC(=O)[C@@H](NC(=O)[C@H](CC,16,functional_group
[C@@H](N)CC(=O)O)C,12,functional_group
c1c[nH]cn1)C(=O)N,23,functional_group
[2,61,ionic
23,54,atom
R,83,atom
a,173,atom
n3c2,23,atom
c(cn,11,atom
3)CC1,342,ring
c1c[nH]c2ccccc12)N,78,ionic
Cc1ccc2c(c1,180,ring
C2CCCCC2,63,atom
)CCCC1,8,ring
c1c[nH]cn1)NC(=O),26,functional_group
)C(=O)N[C@@H](CCCNC(=N)N)C(=O)N,42,functional_group
O=C1NCC,20,functional_group
c3ccnc(,20,atom
c4cnc5ccccc5c4,29,atom
)[C@H]2,161,ionic
OC[C@H]1O[C@@H](O,93,ionic
c3nccn3,6,atom
1CCC(CC,16,atom
c4ncc(,10,atom
Br)cc,43,atom
cc(Cl),50,atom
CCCCOc1,43,ring
c(O)cc3,8,atom
oc4,8,atom
c(O)c(O),17,atom
c4c23,8,atom
[C@H](F),77,ionic
OC[C@H]1,121,ionic
[C@@H](F),55,ionic
[C@@H](O)[C@@H]1O,273,ionic
N[C@@H]1,64,ionic
CCCCN(,5,atom
F)cc3,56,atom
)cc2)C(=O),10,functional_group
Cc1c(C,67,ring
c(O)cc(O)cc1,9,ring
CC[C@@H](,468,ionic
c6ccc(F)cc6,218,atom
4CCN(CC,172,atom
4)ccc3,274,atom
n12,343,ring
[C@@](C)(,53,ionic
)C(=O)C1=O,44,functional_group
CN1C(=O)C,92,functional_group
COc1cc(N)c(Cl)cc1C(=O)N,99,functional_group
CCN(CCCO,55,atom
c2ccc(F)cc2)C,67,atom
c2cc(F)ccc2,553,atom
n2C)cc1,79,ring
2CCC[C@@H]2,28,ionic
Nc1s,11,ring
ccc(Cl)cc,18,atom
[C@@H](N),206,ionic
[C@@H]3C[C@@H](C,24,ionic
[C@@](O)(C,157,ionic
[C@H](O)[C@H](O)C,317,ionic
[C@@H](O)[C@@H](C,20,ionic
)C(=O)N2C,48,functional_group
CC(O)C,180,atom
c1c(,456,ring
(CCO),44,atom
Nc1ncc(,63,ring
c2ccc(Cl)cc2Cl,63,atom
NC(=O)N2,24,functional_group
[C@]2(C)[C@H]1,59,ionic
COC(=O)C,86,functional_group
c1ccc(CN,69,ring
2CCOCC2)cc1,38,ring
\C#N,109,atom
[C@@H]2CCCC,12,ionic
C=CCN,68,functional_group
COc1ccc2c(O[C@@H]3C,15,ionic
CCCCC[C@H](NC(=O),17,functional_group
5CCCC5,40,atom
4C3,23,atom
c3cs,76,atom
c(NC(C)C)n,24,atom
OC[C@@H]2,38,ionic
CNCCO,61,atom
OCCN1CCN(CC,581,atom
CN2C,52,atom
ccc(Cl)c3,43,atom
[C@H]3[C@@H]4,90,ionic
CCC5,99,atom
CC(C)[C@H](N)C(=O)N,11,functional_group
1CCCC,358,atom
[T,134,ionic
e],20,atom
CCCOC(=O),37,functional_group
Cn1cc(,87,ring
nc1C,17,ring
C[C@H]1CCC,36,ionic
c2cc(O)cc(O)c2,59,atom
FC,75,atom
(F)(F)C(F)(F)C,19,atom
(F)(F)C(F)(F)F,31,atom
CC(C)(C)c1cc(NC(=O)N,25,functional_group
c2cccc3ccccc23)n,18,atom
c2cccc(N)c2,36,atom
nc(N)nc2,15,atom
CCCCNc1,126,ring
cc(S,109,atom
OC)N(C),171,atom
[C@@H]3C,663,ionic
O=C1NCN(c2ccccc2)C1,81,functional_group
c1ccc(F)cc1),101,ring
CC(C)CN(C,155,atom
[C@H](Cc1ccccc1)NC(=O),165,functional_group
O[C@H]1CC,260,ionic
c2cn(,90,atom
C1CCN(C,14,ring
C[N+]1(CC,106,ionic
[C@H]1O[C@@H]2,386,ionic
CC(=O)Nc1ccc(,138,functional_group
cc(CCC,101,atom
CCCCC(=O),21,functional_group
OCC(=O),48,functional_group
[C@H](O)[C@H](C)O,24,ionic
CO[C@@H]1C,43,ionic
C3=C,101,functional_group
[C@H](O)[C@@H](NC(=O)OC(C)(C)C,138,functional_group
[C@@H](OC(=O)c4ccccc4),79,functional_group
2)C3,89,atom
CCOCCOCCOCC,48,atom
)OCC,118,atom
l,345,atom
NC(=O)CNS(=O)(=O),34,functional_group
c3ccc(C#N,290,atom
ccc(CN,44,atom
OCC(CO,50,atom
COc1ccc(OC)c(CN,31,ring
(C)c2,145,atom
nc(N)nc(N,125,atom
)c3c2)c1,31,ring
-].,31,atom
[A,140,ionic
+].,43,atom
c2nc(O),37,atom
nc(O)c2,31,atom
n1CC,26,ring
c1cccc,336,ring
c1O),13,ring
B(O)O,140,atom
O=C1NC,43,functional_group
O)cc,208,atom
[C@H](O)[C@@H](COP(=O)(O),57,functional_group
cc(OC)ccc2,44,atom
(O)C(=O)N,109,functional_group
c1cccc2ccccc12,102,ring
[C@@H](Cc1ccccc1)NC(=O),16,functional_group
O=C(Cc1cccs1)N,52,functional_group
1CCC,661,atom
c1cnn(,17,ring
c2nc(N)c3,8,atom
[C@@H]4O[C@H](CO)[C@@H](O),8,ionic
C(=O)NO,35,functional_group
[C@H](N)C(=O)N,71,functional_group
n3cnc4,105,atom
(C)C)n,43,atom
cnc4,28,atom
CCCN(CCC)S(=O)(=O),132,functional_group
CC(C)N,130,atom
[C@H]2CC[C@H](N,47,ionic
c2c(C#N,156,atom
c1ccc2nc(,46,ring
c3cc(Cl)cc(Cl)c3,14,atom
(O)C=O),114,functional_group
(CCOCC,64,atom
[C@@H]2[C@@H](C,69,ionic
ncc(C(=O)N,11,functional_group
CC(C)(C)N,38,atom
3CCC[C@H]3C,85,ionic
SCC(=O),16,functional_group
C(F)(F)F,328,atom
[C@]1(C,358,ionic
[C@]4(C)[C@H]3CC,489,ionic
CNc1ncnc2,19,ring
[nH]cnc1,11,ionic
C[C@@H]1CC2,33,ionic
c2nc3ccccc3,46,atom
Cc1ccc(OC,24,ring
)cc1)C,117,ring
cc(CC,50,atom
)cc1O,135,ring
c1ccc(O,166,ring
O[C@H](CO)[C@@H](O)[C@H](O)[C@H]2,308,ionic
OCCCN,202,atom
)c2c(,19,atom
)c1OCC,22,ring
)C(C,10,atom
c(c3,125,atom
OC2=O,27,functional_group
=O.,320,functional_group
OC[C@H](O),82,ionic
C(=O)N3,66,functional_group
O)n,84,atom
C2=C,170,functional_group
C(=O)C=C,245,functional_group
oc(,111,atom
C(=O)N[C@@H](CCCNC(=N)N,39,functional_group
)C(=O)N[C@@H](CCCNC(=N)N,17,functional_group
[C@H](CCC(=O)O),188,functional_group
Nc2nccc(,200,atom
)c3ccc4,147,atom
c(C)n[nH],24,ionic
2)cc(OC)c1OC,49,ring
)N2CCN(CC,6,atom
)C(=O)N[C@@H](CO)C(=O)N[C@@H](CCCNC(=N)N,21,functional_group
)C(=O)N[C@@H](C)C(=O)N[C@@H](CC,9,functional_group
c1ccccc1)C,169,ring
@],206,atom
CC(C)CCNC(=O),12,functional_group
C=O),68,functional_group
C[C@@H]1CC[C@H]2,10,ionic
O[C@@H]3O,31,ionic
[C@@H]1[C@@]23OO4,31,ionic
#CC,325,atom
1CCCC1,96,ring
c2ncnc3,198,atom
[nH]ccc2,183,ionic
3)cn1,101,ring
C=C(CC,123,functional_group
c1ccc(OCC(=O)O),163,functional_group
c(Cl)c1Cl,109,ring
c3cccc,53,atom
)cc1OCC,19,ring
CCCCN(C)C(=O),19,functional_group
[C@H]3[C@@H]2,26,ionic
OCCCC(=O)O),23,functional_group
CCOCCn1,23,ring
nc(C(=O)N,60,functional_group
ccn3,36,atom
c2ccccc2[N+](=O)[O-],12,functional_group
(C)CC1,63,ring
O[C@@]1,9,ionic
1)N2C,9,atom
CCCCCCCCCCCCN,3,atom
CC(C)OC(=O)[C@H](C)N,43,functional_group
[P@](=O)(OC,35,functional_group
[C@](C)(F)[C@@H]1O),35,ionic
Cn1c(CC,31,ring
N(CCCl)CCCl,95,atom
O)[C@@H](O)[C@H](O),33,ionic
CC(C)(C)OC(=O)N,46,functional_group
[C@H]2CN(CC,53,ionic
ccc(C#N,63,atom
[C@@H](C1),6,ionic
[C@]1(O)C,43,ionic
COc1cccc,13,ring
n2cnc3c(N,44,atom
)c4ccccc4,127,atom
c5ccccn5,18,atom
COc1ccc(N,63,ring
5CCN,13,atom
C5=O),18,functional_group
)cc(C),13,atom
[3,32,ionic
c(Cl)c1,141,ring
CN1CCC(C,11,atom
)NC(=O)N,27,functional_group
2CCOCC2,158,atom
COc1cc2c(Oc3ccc(,5,ring
(O)C4,14,atom
c5ccc(F)cc5,78,atom
nc2cc1,33,ring
c2ccc3[nH],30,ionic
)c3c2)cc1,15,ring
[C@H]1C(=O)N,192,functional_group
2CCC[C@H]2,150,ionic
O[C@],111,ionic
(NC(=O),309,functional_group
c5cccc6,111,atom
[nH]cc(,50,ionic
3)(C,111,atom
c2cc(Br,50,atom
)c(NC,18,atom
)cc2OC,34,atom
CC1Cc2ccccc2,98,ring
ccc(Cl)c(,141,atom
CCCn1,158,ring
2CCN(C)CC2,13,atom
c2ccc(Cl)c(Cl)c2,32,atom
c1ccnc(N,41,ring
(=O)=O,250,functional_group
[C@H](NC(=O)N,33,functional_group
[12,91,ionic
I],120,atom
c2ccc(C(=O)N,88,functional_group
COc1cc(C,261,ring
Cc1ccc(OCC(=O)N,20,functional_group
(CC)CC,147,atom
)c(OC)c1,67,ring
n2ccc(,21,atom
CC(=O)N[C@@H](CC(C)C)C(=O)N,9,functional_group
(C)(C)CCC,36,atom
C[C@H](CCC(=O)O),125,functional_group
[C@H]1CC[C@H]2[C@@H]3CC[C@@H]4C,79,ionic
[C@]4(C)[C@H]3C[C@H](O),71,ionic
c2cnn3,29,atom
c3ccccc3)n,97,atom
oc2C,43,atom
)cc1Cl,350,ring
Cc1noc(NS(=O)(=O),113,functional_group
nn(C,18,atom
)c2ccccc12,73,ring
Cl)C(=O)N,49,functional_group
[C@],279,ionic
(C3)C2,40,atom
O)cc3,150,atom
O)c(O),212,atom
ncnc(N,91,atom
COC(=O)N1,19,functional_group
c2cccc(NC(=O)N,17,functional_group
c3ccc(C)nc3,11,atom
F)CC1,63,ring
CCCc1nn(C)c2,107,ring
OC[C@H]1O[C@H](O,110,ionic
c(C)c2cc3,101,atom
nc(cc4,83,atom
nc(cc1,110,ring
[nH]2)C,105,ionic
5CC,143,atom
(C)C3=CC,83,functional_group
C[C@]12CC[C@H](O),37,ionic
NC(=O)[C@@H](NC(=O),52,functional_group
c2ncccc2,61,atom
[C@@H](C)OC(=O),28,functional_group
[C@@H]2CC(=O),46,functional_group
CCN2C(=O),58,functional_group
[C@H](Cc2ccccc2)N,32,ionic
[C@@H]2CCCN2,37,ionic
I)cc(I,116,atom
[C@@H]1O),73,ionic
Cn1cc(NC(=O),10,functional_group
)cn2C)cc1C(=O)N,10,functional_group
COC(=O)c1ccc(,31,functional_group
c2ccccc2)O,113,atom
NC(=O)[C@@H](N)C,144,functional_group
c2ccc(C)cc2,38,atom
[N@+],115,ionic
[C@@H]3C=C,94,functional_group
CC[N+](C)(C)C,60,ionic
OCc1,29,ring
Nc1ncc2,16,ring
c3c(Br)cc,10,atom
c1cnc(N,59,ring
2CCCO,42,atom
cc[nH],165,ionic
[Si](C)(C)C,47,ionic
nc3ccccc3,22,atom
(CN(C)C,159,atom
)C2(O),159,atom
CCCCC2,370,atom
(CCC,208,atom
(C)C)C(=O),237,functional_group
NC(=O)NC1=O,356,functional_group
[C@H]1N,64,ionic
[C@@H](CN,96,ionic
[C@H](CO)C,51,ionic
c2ccc(O)c(OC)c2,32,atom
CC1=CC,53,functional_group
[C@H]2C[C@@H]1,13,ionic
)OC2,13,atom
Oc4ccc(,26,atom
n5,57,atom
cnnn,10,atom
CCC1=C,95,functional_group
[C@@H]2[C@H](C,13,ionic
(CN,165,atom
Cc1ccc(N,93,ring
)cc1C,57,ring
c1cn(,31,ring
c2cn[nH]c2,30,ionic
CC(C)CCCC(C),26,atom
CCCC(C),93,atom
CCCCC(C),23,atom
NC[C@H]1O[C@H](O[C@@H]2[C@@H](N)C[C@@H](N),268,ionic
NC(=O)NS(=O)(=O),341,functional_group
[C@@H](O)[C@H](O)[C@@H](CO),18,ionic
g,187,atom
)c(Br,51,atom
c2ccccc2c1N,17,ring
Oc1nc(N,113,ring
)nc(C,37,atom
C(=O)O[C@H]1,26,functional_group
CCC=C,30,functional_group
C=C(C#N,28,functional_group
)C(=O)OC,63,functional_group
CC(C)(C)NC(=O)[C@@H]1C[C@@H]2CCCC[C@@H]2,283,functional_group
C[C@@H](O)[C@H](C,283,ionic
NC(=O)c1ccc2,294,functional_group
CCCC[C@H]1,157,ionic
c2ns,139,atom
c3ccccc23,156,atom
[C@]2(C)[C@@]1,85,ionic
COC(=O)c1cccc(,13,functional_group
COP(=O)(O)OP(=O)(O),178,functional_group
c1ccc(OCCN,180,ring
2c3ccccc3,60,atom
Oc3ccccc3,66,atom
CS(=O)(=O),255,functional_group
F)cc2,92,atom
OCOC,32,atom
CC1(C)S,47,ring
CCCS(=O)(=O)Nc1ccc(,129,functional_group
F)c(C(=O),144,functional_group
[C@H]3[C@H](CC,64,ionic
CCCNCCCCN,15,atom
OS(=O)(=O)O,177,functional_group
)ccc2c1,33,ring
Cc1ccc2c(,13,ring
5CCC,13,atom
5)ccc4,39,atom
CCCNC(=N)N,25,functional_group
FC(F),135,atom
F)C(F)(F)F,50,atom
NCCCC[C@H](N,99,ionic
OC(C)(C)C)C(=O)N,7,functional_group
C=O,113,functional_group
F)C(=O)O,10,functional_group
n1cc(,50,ring
NC(=O)C3,19,functional_group
4CC5CC(CC(C5)C3)C4,14,atom
)cccc12,42,ring
[C@H]1CC[C@H]2[C@@H]3C,38,ionic
[C@@]4(C),164,ionic
COc1ccc2c(c1,617,ring
c2ccc3ccccc3c2)C(=O)N,4,functional_group
2CCCC[C@@H]2,4,ionic
C(=O)O)c1,26,functional_group
OCCOCCOCCOCC,134,atom
OCCOCC,174,atom
NC(=O)c1ccc(CN,14,functional_group
c2nccc(,17,atom
[C@@H]3[C@H](CC,129,ionic
CCCCC3,175,atom
)[C@@H]4,119,ionic
OC(C,390,atom
n4ccnc4,275,atom
c4ccc(Cl)cc4Cl,278,atom
c1cccc(O)c1,285,ring
)[C@@H](C),337,ionic
COC(=O)C1=C,10,functional_group
CC(=O)c1,286,functional_group
4CCNCC4,241,atom
CCc1c(C),95,ring
CO[C@H]1O[C@H](C,120,ionic
OS(=O)(=O)O)[C@@H](O,233,functional_group
O[C@@H](C,271,ionic
[C@H]3O[C@H](C,141,ionic
[C@@H]4O[C@H](C,115,ionic
[C@H]5O[C@H](C,112,ionic
[C@H]4O),170,ionic
[C@H](OS(=O)(=O)O),169,functional_group
OS(=O)(=O),279,functional_group
Cc1ccn,72,ring
C[N+],19,ionic
C=C(C(=O),21,functional_group
2C(=O)c3ccccc3C2=O),194,functional_group
CCN(CC),129,atom
COc1ccc(Cl)cc1,173,ring
C2CCCCC2)cc1,265,ring
COc1ccc(C(=O),80,functional_group
NNC(=O)c1,75,functional_group
ccncc1,208,ring
ccccc4,18,atom
c23),33,atom
C[N+]1(C),172,ionic
(OC(=O),63,functional_group
[Br,43,ionic
CCCC(=O)N,233,functional_group
c1ncnc2c1ncn2,66,ring
O[C@@H]2,315,ionic
OC(=O)CCC,145,functional_group
CCOC(=O)C1=C,46,functional_group
[C@@H]([C@H](C,6,ionic
=[N+]([O-],312,functional_group
cccc2,215,atom
c2ccc3ncc(,6,atom
c4cccc(OC(F)(F)F)c4,6,atom
)n3n2,36,atom
c1cc2c(N,75,ring
c3ccc(F)c(Cl)c3,75,atom
)ncnc2cc1,75,ring
CC(C)(C)N1,27,atom
CC(CC,157,atom
c1ccc(O)cc1)N,204,ring
O)c(O)c1,119,ring
[S-],66,ionic
SS,171,atom
(\,448,atom
C(=O)N2C,374,functional_group
[n+]3ccccc3,27,ionic
O=C1C,169,functional_group
=CC(=O)N,31,functional_group
N1C(=O)C,24,functional_group
=CC1=O,24,functional_group
cnc(C,43,atom
[C@H](CCCN,26,ionic
NC(=O)CCN,8,functional_group
(OC(=O)N,13,functional_group
c3ccccc3)CC2,24,atom
)c(Cl)cc1,8,ring
c1ccc(O)c2,21,ring
[C@@H](CC(=O)O),130,functional_group
=C(Br)C(=O),10,functional_group
=C(Br,20,functional_group
2CCCN,27,atom
NC(=O)N(,27,functional_group
NC(=O)c1nc(,12,functional_group
nc1O,116,ring
CCOC(=O)c1,32,functional_group
csc(N,13,atom
SC3,20,atom
CCN(CC)CCn1,30,ring
Fc1ccc(CN,13,ring
nn3,69,atom
c3ccc4ccccc4c3,37,atom
Nc2nc(N,46,atom
CC(=O)O)cc3,10,functional_group
)ncc2,49,atom
CS(=O)(=O)N1CCC,7,functional_group
([C@H]2,7,ionic
c3ccc(Cl)cc,7,atom
3C(N,7,atom
3CCNCC,15,atom
Cc1cc(C(=O)N,200,functional_group
c2cc(Cl),32,atom
3CCCCC3)c2,8,atom
c3ccccc3)ccc2,59,atom
\C=N,14,functional_group
c3nccc(,14,atom
c4cc(F)cc(F)c4,14,atom
2)c1,90,ring
C[C@]12,195,ionic
c3ccc(CN,28,atom
4CCN(C)CC4,157,atom
cc1O,298,ring
n2nnnc2,12,atom
C(F)(F)F)cc1,23,ring
CN[C@H]1,140,ionic
COC(=O)C1,52,functional_group
c3cnc4,21,atom
)c4n3,25,atom
[C@H](CC(=O)O),144,functional_group
c1ccc(Cl)cc1)C,10,ring
Sc2n,7,atom
CCC(C,176,atom
[C@@H]2CC[C@H]3,7,ionic
CC(=O)N3,7,functional_group
CCCC[C@H](NC(=O)[C@H](C,9,functional_group
O)NC(=O)[C@H](C,36,functional_group
)NC(=O)[C@H](CO),21,functional_group
c1cnc[nH],126,ionic
)C(=O)N[C@@H](CCCNC(=N)N)C(=O)N[C@@H](C,46,functional_group
c1c[nH]c2ccccc12)C(=O)N,87,functional_group
CC(=O)N[C@@H](CCCCN)C(=O)N,36,functional_group
C(C)(C)C,149,atom
c1cc(OC,29,ring
)c(CCN,8,atom
CN1CCCC,251,atom
n2nc(C,364,atom
(F)(F)F)c(,26,atom
CCCc1c(,58,ring
([O-])C,142,ionic
P(=O)([O-])[O-],55,functional_group
Cc1cc(NC(=O),17,functional_group
[nH]cc(CCN,12,ionic
c3cc(N,23,atom
)ncn,27,atom
[C@H](O[C@@H]4,50,ionic
[C@H](O[C@@H]5,69,ionic
[C@H](O[C@@H]7,37,ionic
O)[C@H](O)[C@H]7,37,ionic
[C@H]6,252,ionic
C(F)(F)F)N,34,atom
cccnc3c2,4,atom
n1)C(=O)O,13,functional_group
OCc2ccccc2,75,atom
C1=C(C(=O),10,functional_group
[C@@H](O)[C@@H](O,71,ionic
CNC(C)C,112,atom
(OC3,97,atom
OCC(C),202,atom
(NC,97,atom
Clc1cc(,10,ring
[C@@H]3CN,60,ionic
)cnc1,10,ring
CS(=O)(=O)N,79,functional_group
1=C(O),7,functional_group
4)[C@@H]3,16,ionic
)C1=O),7,functional_group
(O)C(C,27,atom
CCCCCN,52,atom
c1ccn2,36,ring
c(n1,37,ring
)O[C@H]1,31,ionic
N[C@@H](CC(=O)N1CC,52,functional_group
nc(C,148,atom
N1CC,82,atom
CCC1=O,34,functional_group
c1sc(,58,ring
nn1C,52,ring
[C@]4(C)C3=CC,21,functional_group
3CCCC3)n,10,atom
CC(=O)Nc1ccc(C,109,functional_group
c1ccc(Cl)c(Cl)c1,45,ring
V,165,atom
[O,111,ionic
(=O)(=O),41,functional_group
(=O)(=O)=O,9,functional_group
2CCCC2=O),28,functional_group
c2ccc(OCCN,188,atom
cc(OC)c1OC,50,ring
c1ccc2c(,100,ring
c3ccccn3,161,atom
Nc1ncnc2,23,ring
[C@@H]2O[C@@]3(C)CC[C@H]4,49,ionic
[C@@H]([C@H]1C),49,ionic
c2nc(C,55,atom
3CCCC3),34,atom
NS(=O)(=O)c1ccc(N,92,functional_group
)CC3)n,67,atom
c3ncnn2,29,atom
CNC(=O)[C@H](C,116,functional_group
nc(CC,30,atom
c2ccc(Cl)cc2)cc1,75,ring
Cc1ccc(NC(=O),9,functional_group
nc3c2,21,atom
N4CCN(C)CC,10,atom
3)s1,26,atom
C[C@]12CCC,100,ionic
3=C,118,functional_group
n2c(nnc2,41,atom
c1cc(F)c(,138,ring
Fc1ccc2,21,ring
c3cccc(OCC,14,atom
(F)(F)C,96,atom
(F)F)c3,14,atom
)c[nH]c2c1,54,ionic
CCN(CC)CCNC(=O)c1,132,functional_group
cc(Cl)c(N,298,atom
c2ccc3ncnc(N,91,atom
c5cccc(F)c5)c(Cl)c4,84,atom
cncn,41,atom
CCCCc1nc(Cl)c(C,71,ring
c2nn[nH],129,ionic
c2ccc(O)cc1,12,ring
2CCC3(CC2)N,13,atom
c(F)ccc(,10,atom
N3,87,atom
c3nc4,15,atom
=CC(=N,26,functional_group
)c5ccccc5,28,atom
[M,215,ionic
[C@]34C)[C@@H]1CC,29,ionic
nc(N)c3,12,atom
=C4CC,29,functional_group
[C@@H]2OC(=O),48,functional_group
[C@H]4C,139,ionic
[C@@]1(O)C,31,ionic
CN1CC(=O)N,17,functional_group
[C@](C)(O)C[C@@H](C),62,ionic
3)C1,85,ring
CC(C)(C)c1cc(,34,ring
NC(=O)Nc2ccccc2,12,functional_group
nc(N)nc(N)c1,28,ring
[67Ga+3,15,ionic
)c1Br,136,ring
[C@@H](O)[C@@H](O)[C@H](O),74,ionic
C[C@@H]1CN(,65,ionic
[C@@H](C)C(=O)O,37,functional_group
c2ccc(F)c(F)c2,123,atom
OS(=O)(=O)N,31,functional_group
[C@@H]2CCCN,33,ionic
CCCCc1nc2,12,ring
COCCCOc1cc(C[C@@H](C[C@H](N),88,ionic
CC(C)(C)C,457,atom
C(C)C)C,125,atom
Cc1ccc(OCC,7,ring
(=O)[O-],83,functional_group
SC(=S)N,85,functional_group
cc(Cl)ccc3,120,atom
CCCN(C)CC,13,atom
(O)C(=O)C,36,functional_group
CC[C@H](C)[C@H](N,66,ionic
)C1=N,42,functional_group
c3c[nH]cn3,14,ionic
)NC(=O)[C@@H](C,78,functional_group
NC(=O)[C@H](,227,functional_group
[C@@H](C)CC,248,ionic
)NC(=O)[C@@H](CC,14,functional_group
)NC2=O),14,functional_group
S1,353,atom
Cc1ccc(C)c(N,12,ring
[N,106,ionic
c(F)cc,9,atom
O[C@@H](CC,43,ionic
C(F)(F)F)c2,20,atom
Cc1ccn(,13,ring
nc(N)n,120,atom
CC1=,33,functional_group
[Fe-3],24,metal
34,54,atom
ON1,24,atom
O)C(=O)N[C@@H](C,27,functional_group
[C@@H](O)[C@H]1,21,ionic
)c6,44,atom
[C@@H](O)[C@@H]1O),8,ionic
NC(=O)[C@@H](CC,18,functional_group
(O2)C,24,atom
NC(=O)[C@H](N),29,functional_group
c2cc(O)c(O)c(O)c2,56,atom
CC1=C(C)C(=O),42,functional_group
[C@H](C)CCC,201,ionic
CC(C)N1,27,atom
NC(=O)c2cc3ccccc3,10,functional_group
CC(=O)N[C@@H](CC(=O)N,12,functional_group
C(=O)O)C(=O)O,167,functional_group
Nc1ncnc2c1ncn,15,ring
2CCOC,15,atom
CC(C)C(=O)N,47,functional_group
c3csc(N)n,33,atom
c1cccs,443,ring
Nc2ncn,18,atom
[C@H](O)C4,7,ionic
)c23)c1,7,ring
[N+](=O)[O-])N,93,functional_group
Cc1ccc(CN,67,ring
CCc1nc(N)nc(N)c1,119,ring
C1=,108,functional_group
[C@](C)(,106,ionic
c2ccc3ccccc3,13,atom
c1cc(Br,117,ring
)c(O)c(Br,102,atom
CCOC(=O)CC,16,functional_group
2CCCCC2)cc1,88,ring
c2ccncc2)cc1,24,ring
c2c(F)cccc2Cl,35,atom
)c1C(=O)N,87,functional_group
(CN1,23,atom
c(Cl)cccc2,15,atom
n(C)c1,37,ring
c4ccccc4)c3,73,atom
[C@H](CO,24,ionic
CN(C)C(=O),155,functional_group
Oc1cc(,146,ring
OC(=O)N(C)C,9,functional_group
CNC(C)(C)C,92,atom
(CN(C,119,atom
c4cccc,31,atom
(C)OC(=O),49,functional_group
CCCCCCCCCCCC(=O),56,functional_group
[C@H](NC(=O)[C@H](N,99,functional_group
)C(=O)N2,198,functional_group
C[C@H]2,35,ionic
S(=O)(=O)C1,57,functional_group
N[C@@H](CC(=O)N,30,functional_group
(F)(F)F)C,10,atom
CN(C)CCCn1,7,ring
CC(=,30,functional_group
c1)N,130,ring
(CCCO),116,atom
(O)CO),28,atom
c5c6ccccc6,42,atom
1)CN,13,atom
C4=O,27,functional_group
c2occc2,19,atom
N(C(=O),61,functional_group
ccc(C)cc2,31,atom
C)c1,16,ring
c2ncnc(N,18,atom
cc1Cl,19,ring
COc1cccc(N,23,ring
c3c(C),45,atom
c4cccc(C,57,atom
(C)C)c4,13,atom
\C=C\C=C,43,functional_group
O)C(C)(C)C,31,atom
COC(=O)c1,86,functional_group
cc(OC)c(O),18,atom
Cc1cnc2,60,ring
c3ccncc3,216,atom
ccn1,100,ring
[C@@H](CC(=O),50,functional_group
COCC1,22,ring
OC(OC,13,atom
2C(C,13,atom
(OCC,76,atom
(C)O,38,atom
c1ccccc1O,131,ring
N[C@H]1C,85,ionic
N(CC(=O),124,functional_group
CC(=O)O.,110,functional_group
[Gd+3,68,metal
c(Cl)nc2,43,atom
CNC1=N,77,functional_group
CC(=O)NCCC,9,functional_group
CCCCCCN,54,atom
([O-])CC,271,ionic
[Li+].,34,ionic
[Li,201,ionic
CC(C)(C)C(=O),22,functional_group
P(=O),21,functional_group
(COCC,26,atom
[As],145,ionic
ccc(C)cc1,30,ring
Cc1ccccc1C(=O)N,91,functional_group
c1nc2ccccc2,26,ring
c1c(F)cccc1,43,ring
CCCCCCCCCCCCCCC,99,atom
(F)C,19,atom
CN1C(CC,69,atom
c2cc(Cl)c(,77,atom
3CCOCC3),20,atom
sc3,48,atom
S2(=O)=O)c1,29,functional_group
COc1ccccc1OCCN,129,ring
O=C1NC(=O)C(C,19,functional_group
cc(OCc4ccccc4,11,atom
F)ccc3,11,atom
)S1,40,atom
c(N)nc3,27,atom
CC(C)(CO),68,atom
cc(NC(=O),48,functional_group
c4ccc5c(c4,40,atom
[C@@H](O)CO,170,ionic
CCS(=O)(=O)c1ccc2,9,functional_group
O3,105,atom
CC[C@@]1(C,9,ionic
)c2ccc(Cl)cc,9,atom
c2cccc(,295,atom
c3ccccc3)c2,52,atom
)P(=O)(O)O,149,functional_group
OCC(O)C,153,atom
NC(=O)c1ccc(,113,functional_group
n1ccc2,20,ring
2CN(C,4,atom
CN[C@@H]1,157,ionic
[C@@H](C)O),221,ionic
N),181,atom
[C@]1(C)O,51,ionic
OCCOCCOCC,44,atom
c1nn(C,11,ring
COCC(C,9,atom
c(N)nc(N)n,38,atom
CCCCCCCCCCCCC,53,atom
[C@@H](N)CO,14,ionic
CN(N,89,atom
2)C(=O)N,203,functional_group
CN1CC2,71,atom
CCCc1ccccc1,8,ring
OCc3ccccc3),109,atom
(CC1,267,ring
nc(NC(=O),28,functional_group
c(C)nc2,9,atom
)C(=O)O)C(=O)N,49,functional_group
CCOC(=O)c1c(C),43,functional_group
nn(,62,atom
CNCCC,162,atom
[C@@H](N)CC,78,ionic
)C2=N,49,functional_group
[C@@]1(C,89,ionic
CN1C(=O)CC,8,functional_group
COC(=O)[C@H](C)N,13,functional_group
P(=O)(OC[C@H]1O[C@@H](,13,functional_group
n2cc(,81,atom
NC(=O)c1cc2,25,functional_group
cc1OC,72,ring
CC#N,212,atom
Cc1cn2,9,ring
CCCCN3C(=O),9,functional_group
3)cc1OC,27,ring
2)N(CC,70,atom
2)CC,89,atom
=C(C),100,functional_group
c1ccccc1)C2,9,ring
nc(N)nc2c1ncn2,32,ring
c2cccc3,102,atom
c(NCCO),7,atom
c23)C(=O)N,14,functional_group
Br)c1,63,ring
C[C@H](NC(=O),117,functional_group
[C@H](OC(=O)c4ccccc4),9,functional_group
C2(C)C,106,atom
c1nc2ccccc2s1,31,ring
2=C,61,functional_group
c3ccccc3)NC(=O),8,functional_group
O[C@H]3CC,28,ionic
)C2=O),39,functional_group
c1c(Cl)cccc1,53,ring
(O)CCCC,154,atom
NC(=O)c2,392,functional_group
c3ccccc3c2,256,atom
NC1=O),18,functional_group
cccc3,50,atom
c13,19,ring
CCCC(=O)O),101,functional_group
[C@@H]2CN(C,67,ionic
[C@H]2[C@@H]1,69,ionic
FC(F)(F)C,40,atom
CCCN1C(=O)C,27,functional_group
O=C(Nc1ccc2,29,functional_group
c2c1)C(=O)N,19,functional_group
1CCC(C,25,atom
c2c(C)n(C,10,atom
c1ccc(S,178,ring
CC(=O)N[C@@H]1,31,functional_group
Sc3nn,125,atom
C[C@@H](O)[C@H]1,70,ionic
=C(S,84,functional_group
C3C,17,atom
[n+]4,11,ionic
)[C@H](C),45,ionic
c1s,63,ring
c23,183,atom
c2cccc(N,54,atom
S2(=O)=O),22,functional_group
c2nc3cc(Cl)ccc3,12,atom
[C@H]2CN3CC,119,ionic
SC3=N,12,functional_group
C[C@H](CN,54,ionic
CC1(C)CCC(C)(C)c2,74,ring
c3ccc(C(=O)O),103,functional_group
[C@@H]2O[C@H](CO)[C@@H](O),314,ionic
Cc1no,73,ring
c2nc(CN,44,atom
[o+],7,ionic
)c(C)cc3,7,atom
C(=O)OCC,204,functional_group
)c2cc1,36,ring
[Cl,223,ionic
COc1cc2c(cc1,592,ring
[C@@H](NC(=N)N,248,functional_group
O[C@@H](CO)[C@H](O),116,ionic
Oc1ccc(CCN,13,ring
SCCC,40,atom
c3ccc(Cl)cc3)n,54,atom
3CCNCC3,300,atom
c2cccc(Cl)c2,157,atom
1CC1,99,ring
COc1ccc(OC)c(CC,5,ring
NC(N,17,atom
COc1n,66,ring
c2ccc(Br)cc2,111,atom
=CC2,18,functional_group
C(=C4,18,functional_group
=C2C,38,functional_group
N(C(=O)N,46,functional_group
[C@H]1CCC,28,ionic
C=CC(C)(C),17,functional_group
C3=C(,6,functional_group
OC)CC,44,atom
[C@@H](C)[C@H]2,6,ionic
[C@H]1CO,111,ionic
COc1ccc(C2=N,15,functional_group
c3ccc(Cl)cc3),37,atom
c3ccc(Cl)cc3)N,15,atom
CCNCC2,236,atom
[C@H](CCCNC(=N)N,48,functional_group
[C@H](CC(C)C)N,183,ionic
C(=N),69,functional_group
[C@@H]1CCCN1C(=O)[C@H](C,29,functional_group
[C@H](C)N,82,ionic
[C@@H](CCSC,29,ionic
[C@@H](CC(C)C)C,213,ionic
[C@@H](CCCNC(=N)N,127,functional_group
)C(=N,45,functional_group
)O),17,atom
CS(=O)(=O)c1ccc(C,25,functional_group
Oc1ccc2ccccc2c1,18,ring
CN(CCO),25,atom
C(=O)N(CC,68,functional_group
)ccc1F,12,ring
c3ccc4,161,atom
nc4c3,137,atom
4CCOCC4)cc3,56,atom
c3cc(O)ccc3,46,atom
sccc1,83,ring
nc(C)c1,22,ring
CCCCC[C@H](O),104,ionic
[C@H](O)CC(=O),125,functional_group
CCCCCCC(=O)O,31,functional_group
(C)C)c(C,123,atom
NC(=O)CCC(=O)N,34,functional_group
CSCC[C@H](NC(=O)[C@H](CC(C)C)NC(=O)[C@H](C,7,functional_group
c1c[nH]cn1),23,ionic
NC(=O)CNC(=O)[C@@H](NC(=O)[C@H](C)NC(=O)[C@H](C,7,functional_group
c1c[nH]c2ccccc12)NC(=O)[C@H](CC,15,functional_group
S(=O)(=O)NCC,24,functional_group
[Si,60,ionic
c1ccc(NC(=O)N,42,functional_group
c2nn,161,atom
cn2C,4,atom
)cc1C(=O)N,27,functional_group
noc(,17,atom
CN1CC[C@]2,70,ionic
3CCCC,261,atom
[C@H]2[C@H]1,76,ionic
O)cc13,79,ring
COC1=CC(=O),63,functional_group
)cc(OC)c1,67,ring
COc2ccc(,57,atom
CC(=O)O)cc2,75,functional_group
c4ccccc4Cl,36,atom
c1ccc(cc1),15,ring
c(OC)c(OC,22,atom
[C@@H](C2),34,ionic
[C@H](N=[N+]=[N-]),42,functional_group
cc(Cl)c(OC,31,atom
(C)(C)C(=O)O),103,functional_group
CN1CCC2(CC1)C,8,ring
c1cc(Cl)ccc1,56,ring
CN1S(=O)(=O),15,functional_group
cnc2c(N,6,atom
)cccc2c1,88,ring
C1CCCCC1,99,ring
CCCCCC(=O),46,functional_group
CC(C)(C)NC(=O)N,202,functional_group
[C@H](C(=O)N1C,214,functional_group
[C@@H]([C@H]1,202,ionic
(C)C)C(C)(C)C,230,atom
ccc(Cl)c(Cl)c1,19,ring
C2=,17,functional_group
c3cc(Br)ccc3,10,atom
C2=O)cc1,70,functional_group
c2ccc(Cl)cc2)C,65,atom
=C(N)N,123,functional_group
2)NC(=O),91,functional_group
CC(=O)NC[C@@H]1,31,functional_group
nc(O),69,atom
OCCO2,120,atom
COc1cnc(,24,ring
[nH]cc(C(=O),9,functional_group
c4ccccc4)CC3,24,atom
CN=C,262,functional_group
[C@@H](O)[C@H](C,46,ionic
C)C,92,atom
c2nccn2C,8,atom
COc1ccc(Br)cc1,10,ring
Cc1ccnc(N,35,ring
CC(C)(C)OC(=O)N[C@H]1,8,functional_group
c4cccc(F)c4,46,atom
C3)C,8,atom
Oc2ccc3,81,atom
c(S,81,atom
)cccc2n1,32,ring
c3cccc(O)c3,40,atom
)N2,65,atom
CC[C@H](CO),60,ionic
Nc1nc(NC,10,ring
NC(=O)C2CC,10,functional_group
c3ccc4[nH]ncc4c3,5,ionic
)c3ccccc3n2,19,atom
CCN(CC)c1,28,ring
=CC(=[N+](CC)CC,18,functional_group
CC(O)(C,21,atom
c1ccc(F)cc1)C(=O)N,40,functional_group
c1ccc(C#N,112,ring
CCCCOC(=O),7,functional_group
)n3nccc3,16,atom
c1)C(=O)N,38,functional_group
O[C@H],73,ionic
Oc1nc(,37,ring
[nH]cnc12,17,ionic
cncc(,29,atom
cc3c2,27,atom
2C=CC=CC,9,functional_group
2N=C,17,functional_group
O)C(=O),141,functional_group
C[C@@H]1CC,175,ionic
[C@@]2(C)[C@H]1CC,239,ionic
OCc1ccccc1)C(=O)N,38,functional_group
OCc2ccccc2),28,atom
CC1=O,30,functional_group
O=C(CN,42,functional_group
(CN2,10,atom
c4ccc(N,26,atom
[C@H](CCN,10,ionic
5CCOCC,10,atom
5)C,44,atom
Sc5ccccc5,10,atom
)CC2)C1,10,ring
(O)(C(F)(F)F)C(F)(F)F,19,atom
Cc1cnc(N,15,ring
n1CC(=O)N,6,functional_group
NS(=O)(=O)c1ccc2,12,functional_group
[C@@H]2[C@H](CC,40,ionic
SC[C@@H]2,22,ionic
n2cncn2,25,atom
4CCOC[C@@H]4C,42,ionic
(C2,157,atom
Nc1c(,21,ring
O[C@@H]4,61,ionic
O[C@H]4,96,ionic
(O)C(F)(F)F,11,atom
[C@@](O)(C(=O)O),20,functional_group
CP(=O)(O),72,functional_group
)OCCCC,6,atom
CCCN(,42,atom
c1ccncc1,56,ring
[C@H]1C[C@@H](O),23,ionic
c2ccc(F)cc2)CC1,10,ring
O[C@H](CO),226,ionic
S(=O)(=O)N(C)C,175,functional_group
CC(=O)NO,9,functional_group
(F)(F)C(F)(F)C(F)(F)C(F)(F)C(F)(F)C(F)(F)C,9,atom
(F)(F)C(F)(F),9,atom
2C[C@@H](C,21,ionic
P(=O)([O-]),54,functional_group
1\,169,atom
(C)(C)O,36,atom
4CCC3,8,atom
N4,19,atom
CC(C)n1nc(,30,ring
c2ccc3ncccc3c2,11,atom
1CCN(CC,43,atom
N(CCC,13,atom
(C(=O)O)C(=O)O),6,functional_group
C(CCCCN,6,atom
c(C2,8,atom
3CCCCC3),13,atom
CCC(C)C,28,atom
(CC)C,37,atom
c3nc4ccccc4s,16,atom
3)ccc12,16,ring
)c2cc(,144,atom
[C@@H](NC(=O)[C@H](CC(C)C)NC(=O),6,functional_group
C(=O)N(C)C,24,functional_group
1=O),30,functional_group
O)ccc1O,53,ring
c3c2)c1,19,ring
cc(C(=O)c2cncc(NC(=O)C,10,functional_group
c3ccc(Cl)cn3,10,atom
)c2cn,19,atom
C(c1ccccc1),40,ring
[C@H](O)C1,11,ionic
NCCCCN,29,atom
c2cc(NC,36,atom
)n3,89,atom
ncc(C,34,atom
4CC4)c3,12,atom
CCNC(=O)c1noc(,26,functional_group
c2cc(Cl)c(O)cc2,75,atom
ccc[n+],101,ionic
OP(=O)([O-])OC,67,functional_group
)nc5,32,atom
c(C)cc1,38,ring
[C@H](NC(=O)[C@H](C,14,functional_group
c2ccc3ccccc3c2,120,atom
c2ccc(NC,42,atom
)C(=O)N[C@@H](CCCCNC(C)C)C(=O)N,14,functional_group
2CCC[C@H]2C(=O)N,23,functional_group
COCCCN1,57,atom
c3ccc(Oc4ccccc4)cc3,147,atom
CN2CCC1,88,ring
c3cc(C(=O)N,35,functional_group
(Cl)c2,44,atom
c1cccc(C,178,ring
C(=S)NC(=O),8,functional_group
c2ccccc2C(F)(F)F),15,atom
[C@H](O)CN,54,ionic
CCO[C@@H]1,17,ionic
ncn,150,atom
)CC2)C,34,atom
+2].,527,atom
)c(F)cc1,20,ring
C[C@]1(O)CC,57,ionic
CCOC(=O)C(C),22,functional_group
c2ncnc3c2,19,atom
C[C@]12CC[C@H]3[C@@H](CCC4=CC(=O)CC,95,functional_group
c1ccc2[nH],45,ionic
e,91,atom
CCCC(C)(C),70,atom
C1CC1,54,ring
NC(=O)c2ccccc2Cl,12,functional_group
2=,159,functional_group
[N+](C),24,ionic
ncccc4,38,atom
)C2=O)c1,18,functional_group
Br)n,8,atom
cc(O)c1,13,ring
CCCc1nc2,52,ring
c(C)cc(,119,atom
c3nc4ccccc4n3C,78,atom
[C@H](C)CN,275,ionic
2C[C@@H]3,11,ionic
NCCO,48,atom
[C@H]3C2,19,ionic
)[C@H](,6,ionic
c2ccc(Cl)cc1,6,ring
c2cccc(OC)c2,21,atom
NC(=O)c2ccccc2,24,functional_group
C2=NC(=O),8,functional_group
c3ccc(C),39,atom
S2)cc1,8,ring
CCC(NC(=O),10,functional_group
[C@H](CC(C)C)C(=O)N,52,functional_group
[C@H]3C(=O)N,71,functional_group
c3ccc(c(Cl)c3,65,atom
[C@](C)(N),42,ionic
[C@H](C)O2),97,ionic
[C@@H](C)[C@H](C),25,ionic
)ccc2[nH]1,42,ionic
c2cc(F)c(F)cc2,7,atom
F)C1,14,ring
O)CC,277,atom
c2o,117,atom
O[C@H](CO)[C@@H](O)[C@H](O)[C@H]4O),15,ionic
cc(O)c3,25,atom
[C@H]2O)cc1,23,ionic
F)c3,128,atom
N(CCO),12,atom
CCC(CC),28,atom
(CC(=O)N,42,functional_group
OS(=O)(=O)[O-],23,functional_group
c1cn(C,118,ring
)c2cc(N,129,atom
CCC(CC)C,12,atom
OC(=O)[C@@H]1C,12,functional_group
Oc3cccc(Cl)c3,19,atom
c3nnn[nH],32,ionic
3)CC,338,atom
[C@H]2CN,16,ionic
[C@@]2(O)[C@H]3C,51,ionic
(CCN3CC,45,atom
CCCCN(CCCC)CC(O),41,atom
cc(Cl)cc2,61,atom
[C@@](O)(CC,24,ionic
3CCOCC3)n,83,atom
)n2)c1,73,ring
COc1ccc(CN,246,ring
ncc2,86,atom
CN1C(C,11,atom
Cc1nnc(,43,ring
CC(C)(C)c1ccc(C,51,ring
CCCCCCCCCCCC(=O)N,39,functional_group
[C@H](CCCC,40,ionic
)CO,25,atom
CCN(CC)CCCC(C)Nc1,93,ring
ccnc2cc(Cl)ccc1,97,ring
CC(C)c1ccc(N,10,ring
oc2,19,atom
OC(C)(C)C=C,13,functional_group
cccn1,9,ring
(=S)O,30,functional_group
c2ccccc2)n1,52,ring
c2ccc(NC(=O)c3ccccc3,11,functional_group
C[C@@H]1O[C@@H](OC[C@H]2O,26,ionic
Oc3c(,26,atom
c4ccc(O)c(O)c4,18,atom
[C@@H]2O)[C@H](O)[C@H](O)[C@H]1O,26,ionic
[C@@H](OC(=O)CC,24,functional_group
CC(=N)N,63,functional_group
[C@@H]1[C@@H](C,22,ionic
[C@H](O)[C@@H](CO)O,26,ionic
CC(=O)Oc1,71,functional_group
cc(C),97,atom
(CCC(C)C,11,atom
CSSC,83,atom
)c1n,26,ring
)c1nc2,283,ring
[nH]n,49,ionic
cnn(C,118,atom
)c2nc(,243,atom
s2)c1,109,ring
(C(O),9,atom
c2c(CC,15,atom
OP(=O)([O-])[O-],45,functional_group
[Na+].[Na+].[Na+].,26,ionic
)C(=O)NC3=O,9,functional_group
C[C@@H](CC,34,ionic
COC(=O)c1ccccc1,23,functional_group
CCCCCCCCCCN,41,atom
[C@H](O[C@H]2CC,37,ionic
[C@]3(C,39,ionic
6=CC(=O)OC6,15,functional_group
[C@]5(O),24,ionic
COc1ccc(NC(=O),12,functional_group
Cl)c(Cl)c1,54,ring
CC(S,22,atom
P(=S),56,functional_group
)C(=O)OCC,53,functional_group
Nc2ncnc3,29,atom
cccc(C(=O)N,13,functional_group
CC(=O)O[C@H]1CC,14,functional_group
(=CC,42,functional_group
[C@@H]5O,9,ionic
[C@]6,28,ionic
[3H],12,ionic
C2=CC(=O),36,functional_group
[C@@H]2C1,81,ionic
COc1ccc(CC,12,ring
c3nc[nH]c3,17,ionic
c23)cc1,17,ring
(=C,71,functional_group
CCOCCOCC,58,atom
2CCN,40,atom
Clc1ccc(S,9,ring
c2cc(Cl)c(Cl)cc2,9,atom
Cc1ccsc1,56,ring
CCC[C@@H](C,74,ionic
)c3ccc(O)cc3,67,atom
cnn(,18,atom
c2ccc(Cl,83,atom
)C(=O)NC(C)(C)C,6,functional_group
[N-],165,ionic
C(=O)C(=O),12,functional_group
(F)[C@@H](O)C,31,ionic
CCl,73,atom
)O1,61,atom
c3ccnc(N,43,atom
[C@@H](O[C@@H]4,6,ionic
4C(=O),29,functional_group
(CC(=O)[O-],335,functional_group
t,27,atom
CCN(CC)C(=S),42,functional_group
O=C1c2ccccc2,17,functional_group
c2n[nH]c3,4,ionic
cccc1c23,20,ring
)sc2,38,atom
CC1(C)[C@@H]2CC,30,ionic
c2cccnc2)cc1,21,ring
[C@H](O)[C@@H](O)[C@H]1O,62,ionic
3C(=O),90,functional_group
c4ccc(N)cc4,5,atom
C3=O)cc2,22,functional_group
NC(=O)c2cn,20,functional_group
c1N,95,ring
CCCNCCCN,14,atom
4CCCC4,38,atom
)c(Cl,58,atom
)cc3Cl,10,atom
)nc(N)n,26,atom
c2s1,25,atom
CNc1nccc(,16,ring
c2cn(C,12,atom
F)n1,12,ring
ccnc2,42,atom
c(ncn,45,atom
OC(CO)C,49,atom
c3c(Cl)cccc3,25,atom
OC(=N,51,functional_group
c1ccc(F)c(F),59,ring
)c(c5,80,atom
[C@H]1O[C@@H](O,41,ionic
[C@]2(C,86,ionic
OC[C@@H](C,38,ionic
OCC(F)(F)F),8,atom
SCCN,128,atom
CN1c2ccccc2,31,atom
N#Cc1cn,30,ring
n2c(N,30,atom
[nH]cc(CC,158,ionic
cc(F),69,atom
2CCOCC2)c1,34,ring
cccc12,23,ring
CC[C@H](C)[C@H]1,11,ionic
[C@@H](CC(C)C)N(C)C(=O),11,functional_group
[C@@H](C)OC(=O)[C@H](C,11,functional_group
)N(C)C(=O),54,functional_group
[C@@H]2CCCN2C(=O)[C@H](CC,16,functional_group
(C)C)NC(=O),47,functional_group
(C)C)OC(=O)C,11,functional_group
c2cc(Cl)ccc2,143,atom
c2cccc(C(=O)N,21,functional_group
c5cc(,19,atom
C)c2,16,atom
c4ncccn4,8,atom
CCN(CC)CCN,40,atom
C)/,7,atom
)\,7,atom
(C)(CC,19,atom
C=C(C)C)C,6,functional_group
)NS(=O)(=O),70,functional_group
)C(=O)N[C@H](CC,31,functional_group
c3ccc(F)c,7,atom
n3)ccc2,15,atom
Nc1nc2ccccc2,10,ring
Cc1cc(C)c(N,11,ring
\C=C(/,73,functional_group
C)C(=O)N,19,functional_group
[C@H](O)[C@@H](C),77,ionic
COc1cc(Cl)ccc1,27,ring
[C@@H](O)[C@H](O)[C@H]1CO,26,ionic
cc(CO),39,atom
Cc2c([nH],10,ionic
c2cnc3nc(N)nc(N,31,atom
)c3c2C,29,atom
SCCC(=O)O),175,functional_group
[C@H](O[C@@H]8,28,ionic
[C@H](O[C@@H]9,25,ionic
[C@H]9,25,ionic
c1c[nH]c2ccccc12)C(=O)O,56,functional_group
n1)N,87,ring
c2cccc3c2,67,atom
cnc1,65,ring
c(Cl)ccc2,9,atom
c3cccc(C,48,atom
CSCC[C@H](NC(=O)[C@H](C,56,functional_group
c1ccc(O)cc1)NC(=O),33,functional_group
O)C(=O)N[C@@H](CCC(=O)O)C(=O)N[C@@H](C,15,functional_group
c1cnc[nH]1,50,ionic
CC(=O)N[C@@H](CCCCN,15,functional_group
)C(=O)N[C@@H](CCCNC(=N)N)C(=O)N[C@@H](CCCNC(=N)N,19,functional_group
[C@@H](CCCCN)C(=O)N,15,functional_group
[C@@H]([C@@H](C)CC,8,ionic
)C(=O)N[C@@H](C(C)C)C(=O)N,17,functional_group
4)C2,43,atom
CC(=O)CC(=O),6,functional_group
SCCNC(=O),113,functional_group
(O)C(C)(C),109,atom
Nc1ccc(N,33,ring
2=O)cc1,14,functional_group
CCCN2C(=O),28,functional_group
Cl.Cl.,9,atom
[C@@H](O)C(=O)N,117,functional_group
)c2cc1C,12,ring
CC1(C)CC,58,ring
CC(=O)N[C@@H](CCCNC(=N)N,20,functional_group
c2c(cccc2,54,atom
)C(=O)N2CC,47,functional_group
CN(C)CCCNC(=O),12,functional_group
CCCCC(=O)N,60,functional_group
CCCNC1,35,ring
c3cccc(N,35,atom
c4ccccn4,49,atom
c(C(=O),172,functional_group
C[C@H]1CC,67,ionic
[C@H](CN(O)C=O),11,functional_group
CC(C)(N,38,atom
)C(=O)N[C@@H](C,88,functional_group
c1c[nH]cn,11,ionic
=S),25,functional_group
[C@H](O)[C@H](O)[C@H]1O,68,ionic
COC(=O)c1cn,17,functional_group
cc(F)ccc1,13,ring
c(C)nc3,12,atom
C2(C)C),17,atom
CCO[C@H]1,15,ionic
)[C@@H](O)[C@H](O),21,ionic
[C@]2(CO),114,ionic
c5c(,63,atom
nc6,60,atom
)c4c3,95,atom
[C@@](C)(CCC,94,ionic
C(=C1,229,functional_group
SC(=N)N,34,functional_group
1C(=O),47,functional_group
NC(=O)[C@H](CCCCN,29,functional_group
)NC(=O)[C@H],12,functional_group
(c3ccccc3),49,atom
cc(O)ccc2,3,atom
c2cc(F)c(N,61,atom
c(NCCCN,57,atom
c3cc(OC,47,atom
OC(CO)C(O)C(O),61,atom
CCCN2CCN(CC,11,atom
[C@H]2CC[C@H]3,13,ionic
(CC(=O)O)C(=O)O,125,functional_group
Cc1cc(OCCC,10,ring
c(c2,132,atom
CCCOc1ccc(,39,ring
c(CCC,14,atom
[C@H]([C@H](C),10,ionic
F)C2,18,atom
N=C(C,66,functional_group
c2ccc(Cl)c(,32,atom
=CC1=O),46,functional_group
Cn1nnnc1,26,ring
[C@@H](NC(=O)[C@H],26,functional_group
CNc1nc(N,22,ring
NC(=O)c1cccc2,34,functional_group
[C@@](C)(O)C,18,ionic
c3csc(,19,atom
c3c(Br,9,atom
OC1CCCC,9,ring
1)C(C)(C)C,38,atom
Cc1c(CC(=O)O),19,functional_group
Cc1ccc(S,63,ring
CCCCCCCCCCCCCCCC(=O)OC,76,functional_group
co,78,atom
=C2C(=O),13,functional_group
ncc(F)c,10,atom
=NCCN,152,functional_group
)c(C)c1C,79,ring
CC(=O)N[C@@H]1[C@@H](O)C,31,functional_group
[C@H]2[C@@H](O),15,ionic
n1ccn,41,ring
[C@H]2[C@@H]3CCc4cc(O)ccc4,55,ionic
nc(N)nc(O),12,atom
CCCCNC(=O),28,functional_group
sc2,49,atom
[C@@]2(,27,ionic
c3cc(NC(=O),5,functional_group
c4ccc(F)cn4,5,atom
CCCCO,109,atom
n1ccnc1,30,ring
[C@@H](CS,118,ionic
c1Cl,23,ring
[C@@H](C=C,6,functional_group
CC(C)C[C@H](N,130,ionic
c3ccccc3Cl,38,atom
CS(=O)(=O)c1ccc(,39,functional_group
3CC3),38,atom
F)C3,11,atom
NCCCCCCN,8,atom
CCOc1cc(N,15,ring
=CCC2,34,functional_group
=CC(=O)C=C[C@]4(C)[C@@]3,72,functional_group
O=C(NC1CC1,6,functional_group
)c1cn(,6,ring
c3ccc,25,atom
[n+]([O-])c3,8,ionic
(F)(F)F)C(F)(F)F,55,atom
NCCCC[C@H](NC(=O),13,functional_group
)CC3),8,atom
C[N+](C),50,ionic
CCNS(=O)(=O),49,functional_group
c1ccc(Nc2nccc(,24,ring
n3C,19,atom
c2ccccc2OC,25,atom
B(O)O),19,atom
)S,197,atom
CN2CCC1CC,87,ring
Oc2c(,17,atom
Br)cc(,28,atom
NCCC(=O)N,17,functional_group
4CC4)cc3,17,atom
)CCC(=O)N,37,functional_group
c1ccccc1)O,16,ring
N[C@@H](C(=O)N,64,functional_group
(Cl)C,46,atom
Oc3cccc4,7,atom
c6ccc(C,7,atom
)c7,7,atom
4)c5,7,atom
67,13,atom
[C@H](C)[C@H](O),12,ionic
c1cccc2ccccc12),51,ring
C[C@H](NC(=O)[C@H](C,20,functional_group
C3CCNCC3,16,atom
ncnc3,34,atom
NC(=O)CC,108,functional_group
3CCC[C@H]3,48,ionic
CN)C(=O)N,48,functional_group
O)N(C)C,37,atom
)S(=O)(=O)O,8,functional_group
c3nnc(C,9,atom
c4s,9,atom
c(C)nc4,9,atom
\C=C\C(=O),35,functional_group
CC1(C)CN,25,ring
3)C(=O),19,functional_group
CC(=O)O[C@@H]1C,8,functional_group
[n+],14,ionic
nc5,11,atom
ccccc3,47,atom
[O-][n+]1ccccc1,19,ionic
c(C(=O)OC,6,functional_group
)c[nH],27,ionic
c2cc1OC,31,ring
CC(C)S(=O)(=O)N,30,functional_group
Cc1c(F)cccc1,14,ring
c1ccc(Cl)c(,34,ring
[C@H]2CCCNC2,14,ionic
CC[C@H](C)[C@@H]1NC(=O),11,functional_group
)NC(=O)[C@H](CC,17,functional_group
Cc1cccc2,128,ring
ccccc12)C,9,ring
S)C(=O)O,55,functional_group
CCc1cc(C,11,ring
c(c(C),15,atom
4)[C@@H](C),4,ionic
CCCCCCCCCC(=O)N[C@@H](C,22,functional_group
C(=O)N[C@@H](CC(=O)O)C(=O)N,51,functional_group
)C(=O)N[C@@H](CC(=O)O)C(=O)N,22,functional_group
[C@@H]([C@H](C),41,ionic
O)C(=O)N[C@@H](CC,67,functional_group
c2ccccc2N,50,atom
CCN(CCC,8,atom
c3ccc(Cl)c(Cl)c3,32,atom
CCCN(C(=O),25,functional_group
c3ccccc3)C2,47,atom
cccnc2,35,atom
c2ncccc1,17,ring
CC1(C)O,23,ring
O[C@@H]3CO,6,ionic
(CO,414,atom
Nc1nccc2,7,ring
c4cc5,47,atom
ncccc5,16,atom
s4,12,atom
COCCO,29,atom
SC(N,63,atom
nnn[nH],11,ionic
[C@@](C)(C,16,ionic
[C@](C)(CCC,11,ionic
[C@@H](CO)O[C@H](,62,ionic
[n+]6,11,ionic
c7,161,atom
cc7,11,atom
[C@H]5CC,21,ionic
[C@@H]4CCC,21,ionic
[C@H]3CCC,11,ionic
[C@@H]2CCC,89,ionic
)C(=O)C1,33,functional_group
C(=O)C=C(,14,functional_group
C(=O)OC),46,functional_group
OC1=O,79,functional_group
CCCCCCCCC(=O)N,36,functional_group
CNC(=O)c1ccc(,11,functional_group
c4ccc5ncccc5c4,31,atom
CC(=O)NC1,20,functional_group
[C@H](CN(C)C(=O),9,functional_group
ccc(Cl)c(Cl)c2,21,atom
CCC(=O)C,8,functional_group
CC[C@H]1OC(=O)[C@H](C)[C@@H](O),21,functional_group
c2ccccc2Cl),22,atom
3C[C@@H](C,17,ionic
CC3=O),6,functional_group
)C2=O,74,functional_group
c2ccncc2)c1,31,ring
NC(=,229,functional_group
)c(I,66,atom
NC(=O)[C@H]1C,34,functional_group
(F)(,44,atom
C(=O)N4,12,functional_group
Clc1ccc(N,9,ring
c2nnc(C,9,atom
)c3ccccc2,43,atom
CCCC[C@@H](C,67,ionic
c4c(O),73,atom
ccc(Cl,212,atom
CC1=C(C,27,functional_group
3(CC,9,atom
[C@@](C)(O)C(=O),9,functional_group
CCc1cc(,48,ring
c2c[nH]cn2,14,ionic
(O)CCC,194,atom
c2ccc3nc(,11,atom
c6ccc(,18,atom
)cc6,5,atom
c3c2)CC1,34,ring
)C(F)(F)F)cc1,21,ring
NC(=O)c1cn(,44,functional_group
NC(=O)NC,21,functional_group
c[n+]1,13,ionic
n1cn,38,ring
)C(F)(F),10,atom
)C(C)C)C(=O)N,9,functional_group
O)C(C)C,37,atom
Cn1ccnc1,13,ring
c1cc(C(=O)N,77,functional_group
c2nccs2,7,atom
[C@H]2CN1,6,ionic
c3c(cccc3,20,atom
sc3ccccc3,23,atom
CCCCCCCCN,18,atom
(CCCCCCCCCC,11,atom
NS(=O)(=O)Oc1ccc2,7,functional_group
c2c1),16,ring
COc1cc(F)c(,17,ring
c3ncn,30,atom
c2N,112,atom
)coc2c1,28,ring
)nnc1,8,ring
cccc5,16,atom
c3c4,16,atom
[C@@H]2C)O,5,ionic
[C@H]([C@H](C,5,ionic
[C@H](O)[C@H](C),29,ionic
c2C1,179,ring
CC(C)[C@@H](C),62,ionic
[C@]2(C)[C@H]3CC,6,ionic
[C@@]5(C)C,6,ionic
[C@@]4(C,6,ionic
ncnc4,15,atom
c4ccncc4,44,atom
)[C@@H]5,6,ionic
[C@](C)(N,37,ionic
[C@@H]1C(=O)O,28,functional_group
OCCNS(=O)(=O),15,functional_group
CN[C@@H](C,11,ionic
c2ccc(F)cc2)C(=O)N,11,functional_group
[C@H](C2)N,92,ionic
CCCN(C)C,33,atom
NS(=O)(=O)N,15,functional_group
(C)C)cc2,124,atom
N[C@@H](CO),42,ionic
Cn1ccc(,10,ring
ccsc1,25,ring
N#Cc1ccc2,170,ring
CCN3,167,atom
cc5c4,152,atom
)CC3)c2c1,152,ring
\C=C/C,11,functional_group
Cc1ccccc1)C(=O)N,24,functional_group
Cn1cnc(,33,ring
c2nc[nH],111,ionic
c4n3,18,atom
N6,12,atom
C(=CC(=,7,functional_group
(=C),7,functional_group
=C6C,7,functional_group
c(n,18,atom
15,34,atom
c2ccc(Oc3,28,atom
Oc4ccc5,11,atom
c(c4,24,atom
c(NCCN,10,atom
4CCOCC4)n,10,atom
c3cc2,62,atom
c1C(=O),50,functional_group
CNCCN,9,atom
C2CC3CC,9,atom
(C2),9,atom
c3cc(OC)c(OC)c(OC)c3,16,atom
cc(OC)c(OC)c(OC)c2,9,atom
c2ncnc3c2cnn3,8,atom
[C@H]1CC[C@H]2[C@@H]3CC[C@H]4,18,ionic
OCC1=C,14,functional_group
Cc1ccc(C)cc1,6,ring
Cn1nc(C,33,ring
COc1cccc(CN,22,ring
2CCCCC2)c1,35,ring
\N,133,atom
c2c1)N,22,ring
C[C@@H](CN,21,ionic
I),19,atom
[C@H]1CC[C@H]2[C@@H]3,28,ionic
N[C@H](CO),62,ionic
)cc4,105,atom
cnc2cc1,16,ring
c2c(F)cccc2,220,atom
C(F)(F)F)c1,47,ring
[C@]3(O),76,ionic
CCCc1cc(O),15,ring
CC12CC,7,ring
C(=O)C=C1,14,functional_group
(O)CC2,14,atom
O[N+](=O)[O-],50,functional_group
C(=O)NC(C,12,functional_group
(CCCCC,37,atom
[C@@H](C)N,43,ionic
[nH]c3ccccc3c2,13,ionic
CC(C)CCC,20,atom
CC(=O)N2CC,7,functional_group
c2cc(CC,16,atom
COc1c(,47,ring
(OC2,10,atom
CC(O)CC(O),10,atom
ncccc1,9,ring
[C@@H]3[C@H](,35,ionic
CC(=O)O[C@H]1,25,functional_group
[C@]3(C)C,24,ionic
4(C)C,7,atom
cc(NC(=O)N,8,functional_group
c3ccc4[nH],8,ionic
5C,41,atom
[C@@H](CCl,8,ionic
)c6c5,8,atom
c5[nH],15,ionic
[C@H]1[C@H](O)C,54,ionic
c2cnn(C,136,atom
nc1N,134,ring
Cl)S(=O)(=O)N,12,functional_group
cccn,76,atom
Oc3ccc(C,32,atom
F)cn3,27,atom
)c2)CC1,45,ring
OC(F)F),17,atom
1CCOCC,79,atom
Fc1ccc(C,108,ring
c2ccc(F)cc2)N,90,atom
c3ccccc3)CC2)cc1,90,ring
C2CO,8,atom
c(C(=O)O)c(,19,functional_group
c3c(Cl)cc,16,atom
c2c(Cl)cc,35,atom
C1(C,33,ring
COc1ccc(CCN,46,ring
c2ccc(CCN,9,atom
c1ccc(OC)c(OC)c1,26,ring
)c1cccc(,151,ring
cc(OC)c(OC)c(OC,33,atom
Cn1cncc1,14,ring
cc(Cl)ccc1,52,ring
C(=O)O)C(=O)N,15,functional_group
[C@H]2CC[C@@H](C,27,ionic
)C(F)(F)F)CC1,29,ring
cnc(,86,atom
Nc1nc(N)c2nc(CN,40,ring
cc(O)ccc3,88,atom
CCC[C@@H]1,88,ionic
C[C@H](CO),18,ionic
c1c(C),76,ring
CC(C)(CC,42,atom
ncnc1,56,ring
c1ncnc2[nH]cnc1,270,ionic
cccc(F)c2,270,atom
C(=O)O)C(C)(C),93,functional_group
)C2CCCCC2,68,atom
[N+]4,12,ionic
=C5,5,functional_group
CC(=O)O)C,16,functional_group
[C@]1(C),130,ionic
CN[C@@H](C)C(=O)N,40,functional_group
CCCCCCCCC,21,atom
cccc(OC,8,atom
c3c(Cl)ccc(,8,atom
4CCC[C@H]4C(=O)N,8,functional_group
c2ccc(C)nc2,15,atom
CCOP(=O)(OCC),8,functional_group
N[C@@H]1C,11,ionic
[C@@H]1NC(=O),15,functional_group
CC[C@H](NC(=O),28,functional_group
ccc4ccccc3,7,atom
O)n1,58,ring
[NH2+])N,35,ionic
CN2CCCC,7,atom
c2[nH]c3ccccc3c2,7,ionic
CC(O)(,30,atom
[C@@H]2CCCCN,30,ionic
CCc1cccc(CC)c1,10,ring
CCOc1ccc2c(c1,10,ring
Cc1ccc2nc(,25,ring
c3n2,54,atom
c2cccc3ncccc2,25,atom
SC(C)(C),15,atom
CCCCOc1ccccc1,9,ring
[nH]1)N,103,ionic
C(CN,44,atom
c2cccs2)cc1,15,ring
C4CCCCC4)n,23,atom
N.,20,atom
CC(=O)c1cccc(,23,functional_group
c3ccc(NCC,15,atom
4CC4)n,17,atom
C(=O)N[C@@H](CC(C)C)C(=O)O,20,functional_group
CCn1nc(C,10,ring
c3ccc(OC)c(OC)c3,13,atom
)n2C,23,atom
)n(CC,5,atom
c(Cl)c(Cl)c2,15,atom
c4ccc(Cl)cc4),11,atom
3)C2=O),11,functional_group
c2[nH]cnc2,30,ionic
NC(=O)[C@H](C),40,functional_group
OC(=O)[C@@H](C,42,functional_group
(C)C)NC(=O)[C@@H](C,61,functional_group
OC(=O)[C@H](C,93,functional_group
(C)C)NC(=O)[C@H](C),28,functional_group
c4ccccc24,6,atom
)C(=O)N[C@@H](Cc2ccccc2)C(=O)N,6,functional_group
CC(C)C1,45,ring
CCN)NC(=O)C,38,functional_group
(NC(=O)C,131,functional_group
[Se],95,ionic
(C)(C)c2,26,atom
CC(C)(C)n1,31,ring
CCO[C@@H](C,32,ionic
c2ccc(O,30,atom
[C@@H]2CO,117,ionic
c1C(=O)N,54,functional_group
c3ccccc3)ccc1,11,ring
)cc2)C,67,atom
c3nc(O),13,atom
[C@H]23,13,ionic
5C(=O),46,functional_group
[C@H]([C@H](O),33,ionic
C[C@@H](O)CN,31,ionic
C4=O)cc3,23,functional_group
Cn1cc(CC,7,ring
1)C(=O)N,193,functional_group
[C@H](O)[C@@H](O,77,ionic
c4c[nH],22,ionic
O[C@H]7,6,ionic
c8,101,atom
ccc(C),33,atom
8),6,atom
[C@@H]7,50,ionic
oc5,6,atom
c4C,6,atom
[nH]c12,25,ionic
c2ncc(C,36,atom
Oc4,54,atom
ccc5,76,atom
c2ccccc2C(=O)N,43,functional_group
c1nnn[nH],7,ionic
CC(=O)N1CCN(CC,8,functional_group
(C)C)c3,36,atom
nc5c4,8,atom
5)n,69,atom
CN3CCC2CC,12,atom
N1CCCCC1,50,ring
NC(=O)C2,39,functional_group
c2cccc3ccccc23)C,20,atom
c2cc,74,atom
[C@@H](COP(=O)(O)O),57,functional_group
c4cn,35,atom
)cc3c2,14,atom
c3n[nH]c(,6,ionic
c3ccccn2,16,atom
[C@@H]1CCC,27,ionic
cc(Cl,27,atom
[C@@H](Cc3ccccc3,20,ionic
COC[C@@H]1,10,ionic
)C(=O)OCCC,23,functional_group
c1c2,25,ring
CC1CCN(CC,45,ring
CCC(=O)NCC,102,functional_group
)C(F)(F)F),30,atom
C(=S),16,functional_group
1)C(=O)N(C,13,functional_group
F)C(=O),4,functional_group
NC(CC,5,atom
[C@@H](S)C,27,ionic
CN3,60,atom
(F)(F)F)cc(,25,atom
CCNC3,10,atom
)ncn2,60,atom
CCCCCCCC(=O)N,15,functional_group
[C@@H]([C@@H](C,19,ionic
c2cccs2),46,atom
c(Br)cc(,21,atom
Br)cc3,10,atom
ccs,20,atom
Fc1ccccc1,82,ring
ccn(C,32,atom
cnc2N,11,atom
nn(C)c2,11,atom
C#N)C,11,atom
CN(C)CCn1,21,ring
nnnc1,11,ring
[C@](C)(C,24,ionic
3CCOCC3)cc2,74,atom
C[C@]1(C,19,ionic
ccnn2,33,atom
(=S)S,26,functional_group
c(F)cccc2,13,atom
c3ccccn3)c2,22,atom
CCCS(=O)(=O),9,functional_group
OC1=N,59,functional_group
[C@@](CO),37,ionic
COc1cc(Br,12,ring
3CCC,80,atom
3C4,12,atom
OCC2,27,atom
COc1ccc(Nc2n,60,ring
c3cc(Cl)ccc3Cl,34,atom
OCCN(CC,27,atom
O)CCO,31,atom
nnn(C,7,atom
c2cc(Cl,7,atom
)c(Cl)c2,47,atom
)c1N,17,ring
c2ccccn2)cc1,18,ring
[11CH3],32,ionic
[C@]3(C)[C@H](CC,22,ionic
[C@@H]4[C@@]5(C)CC[C@H](O)C(C)(C),23,ionic
[C@@H](CC(C)C)N,38,ionic
(O)C(C),15,atom
c3ccccc3n2,14,atom
O=C(Cn1,16,functional_group
nc(NCC,6,atom
[n+]2[O-],16,ionic
c2ccc(O)cc2)NC(=O),26,functional_group
n2cc(C,18,atom
NC(=O)[C@H](C)NC,12,functional_group
)C(=O)N1C,18,functional_group
c3cc(F)ccc3,84,atom
c2C,36,atom
CN2C(=O),23,functional_group
[C@H](CC),12,ionic
NC(=O)[C@H](C)N,32,functional_group
c2cc(F),12,atom
[C@@H]3O[C@H](CO)[C@@H](O)[C@H](O)[C@H]3O),61,ionic
O=C(OC,153,functional_group
c1ccccc1)N(C,32,ring
c2cc3ccccc3,33,atom
s1)C(=O),7,functional_group
c1ccc(Cl)cc1Cl,46,ring
c(CC)n,9,atom
(CCOC,18,atom
C[C@](O)(C,106,ionic
Br)c(,45,atom
[C@@H]3CO,8,ionic
c2cc(Br)ccc2,44,atom
NC(=O)CCC(=O)O),9,functional_group
c3ccc(F)cc3)n,28,atom
Cc1ccncc1,8,ring
(C1,63,ring
)[C@@H](C)C,24,ionic
c23)C,40,atom
SSC[C@H](NC(=O),13,functional_group
CC[C@H](N)C(=O)O)C(=O)N,35,functional_group
CC(=O)O)C(=O)N,41,functional_group
)CC2),57,atom
CN1CCCC1,24,ring
c2nnc(O),76,atom
c3ccccc23),89,atom
)c(O)cc1,14,ring
[C@]1(C)C,55,ionic
[C@]3(CC,65,ionic
[C@](O)(CC,46,ionic
CC(C)(C)O),46,atom
C(=O)O[C@@H]1C,38,functional_group
CCCN2CC,45,atom
NC(=O)c1cn,228,functional_group
O[C@H](CO)[C@H](O)[C@H](O,24,ionic
[C@H]1O),80,ionic
NC(=O)[C@H](O),6,functional_group
OCCOc1,11,ring
S(=O)(=O)c2ccc(NC(=O),9,functional_group
/C(=O),8,functional_group
Cc2cccnc2,32,atom
C[C@H]1CN(C,36,ionic
nc(C)c2,32,atom
c3nn[nH]n3,34,ionic
c(N)n2,7,atom
c4ncn,7,atom
CCC(C)(C)C(=O),23,functional_group
Cn2,11,atom
C4=N,11,functional_group
4)cc2,57,atom
3)ccc1,21,ring
ccn2,25,atom
CCN(C(=O)C,67,functional_group
4CCCO,67,atom
)[C@H](O)[C@@H](O),32,ionic
NC(=O)C=C,36,functional_group
Cc1cc(CN,24,ring
OC3=O),29,functional_group
)nc(N)n1,19,ring
\N=C(/,28,functional_group
n5cnc6,22,atom
cc6,22,atom
[C@]4(C)CC,10,ionic
COc3ccccc3,13,atom
[C@@H](O)CO),13,ionic
3C[C@H](C,11,ionic
cco,78,atom
3=O),166,functional_group
(=O)O)NC(=O),45,functional_group
[C@@H](CCCCNC(=O),9,functional_group
cccc(,46,atom
c5ccc(O)cc5,14,atom
(S),41,atom
COc1cc2ncnc(N,28,ring
c5ccccc5n4,8,atom
CC(=O)N(CC,217,functional_group
Oc3ccc4,55,atom
[nH]c(C),23,ionic
cc4c3,31,atom
c2ccc(OCC(=O)O),12,functional_group
[C@@H]1C[C@@H](O),108,ionic
NCC(=O)N,49,functional_group
[I,45,ionic
C[C@H]1CO,55,ionic
Br)cc1,90,ring
CCOP(=O)(C,9,functional_group
[C@H]2CCN(C,11,ionic
(C)[C@H](C,11,ionic
c3ccc(F)cc3C,22,atom
CCn1c2ccccc2,8,ring
B2,51,atom
[C@]34C),46,ionic
[C@@]2(C,34,ionic
1)O,11,atom
Cc1ncc(CN,10,ring
c2ccc3c(,40,atom
sc5,10,atom
3)NC,10,atom
NC5=O),10,functional_group
OB1OC,20,atom
B,86,atom
CC1=C(C),17,functional_group
C=C4,60,functional_group
[As](=O)(O),59,functional_group
N=N,53,functional_group
nc(N)nc(,39,atom
CCN(c1ccccc1)S(=O)(=O),5,functional_group
c3cccc(OC,31,atom
4CCCC4)c3,59,atom
c2cc1Cl,21,ring
c2ccc(NC(=O),58,functional_group
c3ccsc3,7,atom
c(F)c2,21,atom
NC(=O)Cn2,12,functional_group
c(NCC,31,atom
3)c2,85,atom
c3ncccc3,7,atom
[C@@]2(C)C3=C(CC,4,functional_group
[C@]12C),11,ionic
N#Cc1ccccc1,217,ring
N=O,32,functional_group
[C@H]2OC,84,ionic
[C@H](OC(=O)c3ccccc3),63,functional_group
(O)C[C@H](OC(=O),73,functional_group
)C3(C)C,63,atom
O[C@@H]2O[C@H](CO)[C@@H](O)[C@H](O)[C@H]2O),50,ionic
CCC(CC,71,atom
O=C([C@@H]1,12,functional_group
C2=CC,19,functional_group
C3=N,22,functional_group
Clc1cn,20,ring
CSc1nc(,18,ring
c3ccccc3)n2C,9,atom
O=C(Cc1ccccc1)N,8,functional_group
c2ccc(F)cc1,7,ring
2)NC(=O)N,6,functional_group
1CCOCC1),26,ring
(CCN(C)C)C,13,atom
c2nccnc2,18,atom
\C=C\C1=C(C)CCCC1,14,functional_group
c2ccc(Oc3ccccc3)cc2),33,atom
Nc1nc(CC,10,ring
c5ccccc5),21,atom
[C@@H]3C=C(C,10,functional_group
OC(=O)Cc1ccc(,27,functional_group
Oc2nc(N,10,atom
ccsc2,40,atom
4CCN(C,18,atom
CC4,57,atom
)cc3OC,19,atom
CC[C@H](C)[C@@H]1,32,ionic
1CCOCC1,89,ring
COc1cc(OC,17,ring
[Gd+3],10,metal
c2c(O)cccc2,230,atom
NC(=O)[C@@H]2,5,functional_group
cc(OC,109,atom
OC(=S)N,31,functional_group
NCc1,18,ring
CN(C)S(=O)(=O)N,7,functional_group
)C(F)(F)F,97,atom
[C@@]3(C)CC,65,ionic
COc1cc(Nc2n,32,ring
n3),136,atom
NC(=O)C(C)(C),42,functional_group
c(nc3,4,atom
c(N)ncnc4,71,atom
COc1cc(C)c(,36,ring
3CCNCC3)n,28,atom
NS(=O)(=O)c2ccccc2,20,functional_group
CC(C)(O),52,atom
C1=C(C,9,functional_group
c3c(O)cc(,14,atom
O[C@@H]5,14,ionic
[C@H]5O),48,ionic
COc1cc(Nc2ncc3,21,ring
NC(=O)c2c1,14,functional_group
c3n[nH],57,ionic
c4ncccc3,11,atom
4)ccc2,34,atom
nccn2,237,atom
c3cnn(C)c3,12,atom
N2CCN(C,12,atom
c4c(F)cccc4,12,atom
S(=O)(=O)C2,12,functional_group
Clc1ccc(CN,8,ring
nn[nH],28,ionic
#CCN,9,atom
[W],37,metal
CCCC[C@H](NC(=O),24,functional_group
[C@H](C1),30,ionic
)cc1)C(=O)N,43,functional_group
c1cccs1,46,ring
CCSSCCNC(=O),19,functional_group
OC[C@@H](O)[C@H](O),42,ionic
C[C@H](N)C(=O)N,24,functional_group
[C@@H](C)C(=O)OCC,22,functional_group
)c(SC,10,atom
c4ccc(Cl)cc4)n,10,atom
3CCCC3)c2,10,atom
C#N)cc1,10,ring
c2cc(C(=O)N,57,functional_group
C3CCN(C)CC,17,atom
c23)c1,29,ring
c2ccccc2)CC,14,atom
N(C(=O)CC,8,functional_group
CCC(CO),5,atom
c3c(cn,19,atom
4C,87,atom
c2c(Br)cc(,9,atom
Br)cc2,9,atom
Cc1oc(,34,ring
OC2=O)cc1,9,functional_group
NS(=O)(=O)c1n,18,functional_group
C[C@H](Nc1nccc(,7,ionic
CC(C)Nc1nc2,12,ring
cc(Cl)c(Cl)cc2,12,atom
p,11,atom
CCCCC(CC)C,65,atom
OC(=O)c1ccc(N,43,functional_group
CC(C)OC(=O)C1=C,14,functional_group
CC(C)(C)c2,14,atom
cc(F)ccc2,33,atom
[C@H]2S,15,ionic
C=C2C,16,functional_group
)nc(CC,7,atom
c3ccccc3)c2c1,24,ring
NC(=O)[C@@H](NC(=O)[C@H](CC,11,functional_group
C(F)(F)F)C,29,atom
CN(C)c1nc(N,30,ring
OCC3CCCCC3,52,atom
[nH]cnc3,49,ionic
CC(=O)OCC,139,functional_group
c12),45,ring
O=C(CCN1,11,functional_group
)nc12,56,ring
CO[C@@]1,90,ionic
nn3C,95,atom
c4ccccc34,6,atom
)cc1)N,65,ring
)C1CC,115,ring
C[C@@]1(CC,9,ionic
N=C1C,9,functional_group
c3cccc(C)c3,27,atom
c3cc(F)cc(,9,atom
c23)N,9,atom
)s2,33,atom
COc1ccc2cc3,8,ring
CC(C)[C@H](,2,ionic
NC(=O)[C@H](C)NC(=O),48,functional_group
1=C(O)C(=O),31,functional_group
[C@@H]3[C@@H](C,8,ionic
[C@@H](O[C@@H]5,13,ionic
[C@@H]34),31,ionic
Nc1cc2,18,ring
CCCCC1=N,64,functional_group
C2(CCCC2,77,atom
CC(C)CC,34,atom
[C@H]4O,29,ionic
)O[C@H]4,8,ionic
c4cncn,9,atom
c3cc(F)ccc2,96,atom
CO[C@@H](C,68,ionic
CCCN1CCN(CC,50,atom
CCCCCCCCCCCCCCCCCC(=O)N,8,functional_group
[K+].[K+].,43,ionic
c2cccc(OC(F)(F)F)c2,8,atom
c2ccccc1,38,ring
c4n[nH],19,ionic
4)cc3,60,atom
CC12CC3,25,ring
[NH3,42,ionic
c3scnc3,25,atom
c3c[nH]nc3,12,ionic
)c23)cc1,50,ring
CCOc1cc2,19,ring
c(F)c1,34,ring
)C(=N)N,7,functional_group
CCCCCCOC(=O),139,functional_group
c1ccc(NC,248,ring
)c4ccccn4,139,atom
)ccc3n2C,139,atom
[nH]cnc2,55,ionic
COc1c(O),22,ring
NC(=O)[C@H]2C,45,functional_group
SSCC,62,atom
[C@H](CC(=O)N,73,functional_group
[C@H](C(C)C)C(=O)N,40,functional_group
ncnc(N)c3,8,atom
CCCC(O),21,atom
[C@@H](CCN,108,ionic
N)N,52,atom
O[C@H](CN,81,ionic
c1cc(O)ccc1,9,ring
(CCCO,111,atom
CS(=O)(=O)O.,16,functional_group
CCCN1CC,14,atom
CCOC(=O)[C@H](C,7,functional_group
[C@H](Cc3ccccc3,9,ionic
CC[N+](C)(CC,39,ionic
CCOC(=O)c1cn,13,functional_group
CC1(C)C2CCC1,10,ring
CN(CC(O),8,atom
cc[n+](C),17,ionic
Cc1ccc2,57,ring
c2cccc3ccccc23,17,atom
CC(=O)NC(CC,10,functional_group
(C)C)C(=O)O,18,functional_group
c(O)nc2,5,atom
c2nnnn2,24,atom
CN(C)c1nc2,5,ring
c(Br)c(Br)c(Br,20,atom
)c(Br)c2,13,atom
c1n[nH]c(,23,ionic
ccc2[nH]1,27,ionic
2CCNCC,13,atom
C(=O)N[C@H]1,40,functional_group
CN(C)S(=O)(=O),94,functional_group
CN1CCC(CC,85,atom
COc1cc(N,161,ring
)cnc3,153,atom
)c(OC)cc2,116,atom
)c(Cl)cc1Cl,129,ring
P(=S)(OCC,5,functional_group
)c(Cl)c,5,atom
cc(Cl)n,12,atom
CCC),22,atom
C#CC,15,atom
)nn2,54,atom
CSC2,8,atom
(C)C)c(,35,atom
[C@H](CS,103,ionic
[C@H]2C1,33,ionic
CC(=O)N[C@@H]1[C@@H](O)C[C@@](O,8,functional_group
1CCC[C@H]1C(=O)N[C@@H](C,28,functional_group
)[C@@H](C)O,27,ionic
Brc1c(,10,ring
Br)c(Br,10,atom
O)C(C)(C),17,atom
NC(=O)c1ccncc1,13,functional_group
[C@@]34C,27,ionic
O[C@H]6,38,ionic
[C@@H](O3),19,ionic
[C@H]5O,27,ionic
4=C,25,functional_group
c3ccccc13),9,ring
CC(C)(C)c1onc(,24,ring
c4ccc5ccccc5c4,22,atom
#CC#,6,atom
[C@@H]23)C,29,ionic
COC(=O)CCC,7,functional_group
Oc1ccc(CC2,47,ring
SC(=O)NC2=O)cc1,40,functional_group
CC2CC,10,atom
c2ccc(OCc3ccccc3,9,atom
c2cccc(c2,4,atom
c2cc(nc(N,4,atom
NS(=O)(=O)c1ccccc1,10,functional_group
Nc2ccccc2,24,atom
3)C(=O)O)cc1,12,functional_group
CC(C)C[C@H](NC(=O)N,6,functional_group
#N)C,6,atom
[C@H]3C(C)(C),20,ionic
C(=O)C(C,32,functional_group
c2cc(F)cc(F)c2,31,atom
CC12C,7,ring
[C@@]2(CO),9,ionic
F)ccc2,33,atom
Cc1ccc(O)cc1,28,ring
c(O)cc2,16,atom
c1ccc(Br,20,ring
Cn1nn,28,ring
ncn2,20,atom
[C@H](O)[C@@H](NC(=O),68,functional_group
c4cc(F)c(,18,atom
F)cc4,43,atom
Oc2ccc(C,41,atom
)n2cn,57,atom
4CCC(O)CC,11,atom
[OH-].,121,ionic
C[C@H](O,21,ionic
[nH]cn,18,ionic
C(F)(F)F)C(F)(F)F,8,atom
CC1=C(C(=O)N,32,functional_group
c2ccc(Cl)c,23,atom
(C)C)c2,48,atom
Clc1,13,ring
OCC#C,6,atom
C3=NCCN3,17,functional_group
[C@@H](O)[C@H](O)C,43,ionic
[C@H]1C),55,ionic
I)c1,117,ring
[C@@H](N)CO),9,ionic
C[C@H](NC(=O)[C@H](CC,13,functional_group
C(=O)O)NC(=O),31,functional_group
n3ncc4,12,atom
c3nc(N,48,atom
CN(Cc1cn,6,ring
CSc1nnc(,21,ring
Oc1c(Br)cc(,42,ring
2CCNCC2,31,atom
)c(OC)c1OC,19,ring
[C@@H](NC(=O)[C@@H](N)C,9,functional_group
)C(=O)NCC(=O)N[C@@H](C,9,functional_group
OC[C@H](C,65,ionic
=C1N,17,functional_group
CCOC(=O)C(C,20,functional_group
(C(=O)OCC,19,functional_group
CC(=O)O)cc1,83,functional_group
7CC,11,atom
)C5=O),19,functional_group
OC[C@H](NC(=O),8,functional_group
CCCCOc1ccc2,18,ring
[C@H]1O[C@H](C,20,ionic
C)C(=O)O,18,functional_group
CC(Oc1ccccc1)C(=O)N,8,functional_group
CCCC(N,4,atom
)ncnc3,22,atom
O=C1OC,7,functional_group
c(Cl)c(Cl)c(Cl,25,atom
Nc1nc(,116,ring
F)nc2,43,atom
CN1CCN,29,atom
(NC(=S)N,8,functional_group
O[C@H]5,51,ionic
c3ccccc23)n,20,atom
Oc1ccc(C(=O),50,functional_group
[C@](O),137,ionic
[C@@]3(C)C,89,ionic
CCOC(=O)C(CC,21,functional_group
1)(,23,atom
[nH]c(C,11,ionic
)C(=O)NCC,14,functional_group
c3c(OC,106,atom
OC1=O),86,functional_group
cc(C)c(OC,93,atom
[C@H]([C@H]2,98,ionic
(Cl)(Cl),59,atom
COc1cc(O)c2,7,ring
C(=O)O)cc2,21,functional_group
CC[C@H](C)[C@H](NC(=O)[C@H](Cc1ccccc1)NC(=O)[C@H](CCC(=O)O)NC(=O)[C@H](CC,8,functional_group
NC(=O)CO,8,functional_group
C(=O)O)C(=O)O),77,functional_group
NC(=O)[C@H](C)NC(=O)[C@H](C)NC(=O)[C@H](CC,16,functional_group
C(=O)O)NC(=O)[C@H](CC(C)C)NC(=O)[C@H](C,16,functional_group
)NC(=O)[C@H](CO)NC(=O)[C@H](CO)NC(=O)[C@@H](NC(=O)[C@H](CC(=O)O)NC(=O)[C@H](CO)NC(=O),16,functional_group
[C@@H](NC(=O)CNC(=O)[C@H](CCC(=O)O),16,functional_group
[C@@H](C)O)[C@@H](C)O)C,26,ionic
(C)C)C(=O)N[C@@H](C)C(=O)N[C@@H](C,16,functional_group
)C(=O)NCC(=O)N[C@@H](CCCNC(=N)N,8,functional_group
CN(C)CCNC(=O),17,functional_group
COc1c2,22,ring
Cc1cccc(c1,17,ring
OCC(=O)N,130,functional_group
c1cccc(c1,34,ring
c2ccnn2,10,atom
CCCCCCC(=O)N,24,functional_group
c[nH]cn,28,ionic
c(CS,62,atom
c(CN(C)C,41,atom
N1CCC,47,atom
CC(C)c1cccc(C(C)C)c1,12,ring
NC(=O)CN(CC,22,functional_group
C3CC3,47,atom
c4nc5ccccc5,23,atom
c5ccccc45)C,17,atom
C=C(O,27,functional_group
c2ccccc2C1=O),6,functional_group
Nc2n,277,atom
n4)N,13,atom
C)C(=O),26,functional_group
CC(OC(=O)C,12,functional_group
NC(=O)[C@H](CC(C)C)NC(=O)[C@H](CC,9,functional_group
C[C@](C,28,ionic
CCN(CC(=O)O),43,functional_group
COc1cc(F)ccc1,22,ring
(C)C)S(=O)(=O),19,functional_group
c3cc(F)cc(F)c3,8,atom
c2ccnc3,55,atom
COc1cccc(OC)c1C(=O)N,26,functional_group
c3cccc(c3,19,atom
(CC)(CC,14,atom
[N+](CC),8,ionic
c1cccc(Nc2n,49,ring
n1)C(=O),8,functional_group
[C@H]1CN,89,ionic
)cccc3,22,atom
[C@@H](Cc6ccccc6,10,ionic
)NC(=O)CNC(=O)[C@H](CC,10,functional_group
5)N,16,atom
)c2ccccc1,17,ring
(Cn2ccnc2,40,atom
CC1CCCCC1,29,ring
COC1=C,15,functional_group
C(=CC1=O),24,functional_group
[O-][n+]1,16,ionic
C(C)C),43,atom
c4cccc5ccccc4,16,atom
CC(Oc1,10,ring
)C(=O)N[C@H](CCCNC(=N)N,14,functional_group
Cc1cs,57,ring
CCCO),28,atom
O=C1CS,25,functional_group
c2cccc(Br)c2,17,atom
c1cccc(NC(=O),8,functional_group
Cc1cc(C)cc(,42,ring
cc(O)cc(O),23,atom
OC[C@@H]3,8,ionic
CNC(=O)N,20,functional_group
(N(CC,8,atom
CC(C)(C)OC(=O)N[C@H](C,10,functional_group
[C@H]1CC[C@H]2[C@@H]3CC,78,ionic
=C4C[C@@H](O)CC[C@]4(C)[C@H]3CC[C@]12C,10,functional_group
c3ncccn3,61,atom
OC[C@H](O)[C@H](O),22,ionic
[nH]ncc2,56,ionic
(C)C)N(C)C(=O),22,functional_group
Cc1c2ccccc2,21,ring
[C@@H](NC(=O)[C@@H](C,21,functional_group
n2cc(CN,8,atom
CNC(=N)NCCC[C@H](NC(=O)[C@H](CC,14,functional_group
(C)C)NC(=O)N,14,functional_group
NC(=O)[C@H](Cc1ccccc1)NC(=O),57,functional_group
[C@@H](C)O)C(=O)N[C@@H](C,14,functional_group
c1c[nH]c2ccccc1,28,ionic
[C@@H](C)CCC,17,ionic
COP(=O)([O-]),7,functional_group
CSc1ccc(O,10,ring
CCC1C,23,ring
4CC4),44,atom
[nH]3,31,ionic
)C=C1,7,functional_group
C[S+],7,ionic
=C(C(=O)NC,9,functional_group
NC(=O)NC1,55,functional_group
CC1(C)[C@H]2CC,11,ionic
[C@]1(C)CC,19,ionic
[Ca+2].,167,ionic
[C@@H](O)C(C)(C),26,ionic
ccsc3,30,atom
c1ccccc1)C(=O)O),33,functional_group
CCNC(=N)N,30,functional_group
[C@@H]1N,27,ionic
[C@@H]3CCCC,9,ionic
N)n,16,atom
c2csc(N)n2,7,atom
c3cc(O)c(O),10,atom
c4ccccc4)ccc3,15,atom
[C@@H](NC,28,ionic
Oc1cc(N,6,ring
C(=S,6,functional_group
CC(C)(N),9,atom
CCOc1ccc(OCC,16,ring
cc(C)c(,20,atom
)c(C)c2,34,atom
c1c[nH]cn1,43,ionic
CC(=O)N[C@@H](CC(=O)O),9,functional_group
CNS(=O)(=O)N,14,functional_group
cccc(c2,8,atom
CCOC(=O)C,54,functional_group
NC(=O)CS,56,functional_group
)C(=O)N(CC,107,functional_group
n(CCC,25,atom
cc(Cl)cc(Cl)c1,14,ring
CC[C@H](C)[C@H](NC(=O)[C@H](CC,13,functional_group
NC(=O)[C@H](CCC(=O)O)NC(=O)[C@H](CC,69,functional_group
(C)C)NC(=O)[C@H](CC,60,functional_group
[C@@H](NC(=O)[C@@H](NC(=O)[C@H](CC,13,functional_group
CCN)NC(=O)[C@H](CC,56,functional_group
C(=O)N[C@@H](CCCCN,44,functional_group
)C(=O)N[C@@H](CCC(=O)O)C(=O)N[C@@H](CC(C)C,13,functional_group
)C(=O)N[C@@H](CC(C)C)C(=O)N[C@@H](CC(=O)O),13,functional_group
)C(=O)N[C@@H](CCC(=O)O)C(=O)N[C@@H](C,13,functional_group
2CCN(CCCc3ccccc3,22,atom
CCCCOc1ccc(,16,ring
CCC(O,19,atom
CCCCC1)N,4,ring
COP(=O)(OC,14,functional_group
)C(O)C,6,atom
[C@H](Cc4ccccc4,8,ionic
5CCOCC5,15,atom
3)sc2c1,8,ring
cccc(c3,18,atom
[C@H](O[C@H]2C,27,ionic
[C@@H]1C2,25,ionic
c1nc(C,126,ring
cc1C(=O)N,12,functional_group
CC(C)[C@@H](N,12,ionic
COC(=O)c1c(O)cc(O)c(Cl)c1,9,functional_group
CC(=O)O[C@@]12CO[C@@H]1C[C@H](O),52,functional_group
c4c5,21,atom
c(cc6,6,atom
OC1C(O),21,ring
OC2C,25,atom
OC3C,43,atom
OC6,389,atom
n7,168,atom
cc(C)c(O),252,atom
nc7,84,atom
n7cnc8,46,atom
n7cnc8c(N)ncn,21,atom
OC7,21,atom
%10,63,atom
%11cnc%12,21,atom
c%12,21,atom
%11)C,21,atom
c%10,21,atom
n9,21,atom
n8,21,atom
n6cnc7,25,atom
6)C5,25,atom
4)C3,40,atom
n3cc(C,29,atom
cc3ccccc3,24,atom
O)ccc2,40,atom
[C@@H]2CCCN2C(=O)[C@H](C,7,functional_group
c2c[nH]cn2),3,ionic
(=O)O)NC(=O)[C@H](C,20,functional_group
c2ccc(O)cc2)NC(=O)[C@H](CC,3,functional_group
NC(=O)[C@@H]2C,3,functional_group
CN)C(=O)N[C@@H](C,3,functional_group
C1=O)C(=O)N[C@@H](C,3,functional_group
C(=O)N[C@@H](CCCNC(=N)N)C(=O)N,14,functional_group
NC(=O)C5,7,functional_group
c6ccc(F)cc,7,atom
6)CC,7,atom
)c(F)c4,7,atom
CC(C)CCN(C,21,atom
c2ccc(cc2,21,atom
CCCC(=O)N[C@@H](C,16,functional_group
1)S(=O)(=O),16,functional_group
Oc1c(Br)cc(Br)cc1,7,ring
CCN(Cc1ccncc1,6,ring
[C@]3(CO,15,ionic
[C@H]3OC,14,ionic
CSCC[C@H](N,72,ionic
C(CO)C,50,atom
c2ccc3[nH]nc(,9,ionic
c4nc5,9,atom
c(F)cc(,24,atom
F)cc5,9,atom
(O)CC3,8,atom
[nH]c(cc1,25,ionic
)n3C,16,atom
[C@H](O)[C@@H]1C,57,ionic
c1ccc(SC,10,ring
c3cn(C,53,atom
[C@@H](O[C@@H]2,35,ionic
[C@@]4(,19,ionic
CC3=C,8,functional_group
c2c(O)ccc3,8,atom
c1ccc2ccccc2c1)N,44,ring
)[C@@H](CC,41,ionic
[C@H](OC(=O)C,146,functional_group
c3cccs3,119,atom
)c3cccs,108,atom
CCN(CC)c1ccc2,17,ring
CCC3=O),17,functional_group
CC(=O)c1cc2,20,functional_group
c(o,10,atom
[C@H]3CO,27,ionic
O3)c2n1,11,ring
c3ccc(C)cc3,8,atom
)C(=O)N[C@@H](CCC(=O)O),8,functional_group
(C)(O),11,atom
n2cc(CC,16,atom
3CCC4(CC3),20,atom
OCc3ccccc3,16,atom
\C=C\C,55,functional_group
c4cc5ccccc5,12,atom
[nH]c4,25,ionic
NCCc1c[nH],20,ionic
[C@@H]3OC(=O),30,functional_group
[C@@H]1OC(=O),16,functional_group
CCOP(=O)(O),18,functional_group
c(C(=O)NC,17,functional_group
[C@@]2(CC,35,ionic
Oc3ccc(F)cc3,16,atom
COc1cc(OC)c(,22,ring
cc(OC)c3,22,atom
[C@@H](NC(=O)OC(C)(C)C)C(C)(C)C)C(=O)N,14,functional_group
c2c(Br,21,atom
CCS(=O)(=O)N,20,functional_group
C3CC,13,atom
[C@@H]5CC[C@@]4(C),7,ionic
Oc2cc(C),14,atom
cc(O)c2,40,atom
O)cc1O,23,ring
O=C(Nc1cccc(,30,functional_group
)c1)N,38,ring
c1nccs,53,ring
Cn1nnc(,194,ring
4C[C@H](C,186,ionic
n2)n1,200,ring
CNC(=O)C,13,functional_group
CCCCCC(O),7,atom
)C(=O)NCC(=O)N,44,functional_group
NC(=O)[C@H](CCCCN)NC(=O)[C@H](C,17,functional_group
c2c[nH]c3ccccc23)NC(=O)[C@H](C,17,functional_group
c2ccccc2)NC(=O)[C@H](CC,17,functional_group
(Br,37,atom
c3cc(C(=O)Nc4cc(C(=O)N,10,functional_group
)n(C)c4,10,atom
)n(C)c3,19,atom
)n(C)c2,10,atom
nn1),13,ring
([C@H](C,12,ionic
c2ccccc2C1,29,ring
#Cc2,88,atom
c5o,54,atom
7CCN(CC,9,atom
7),9,atom
c6n,9,atom
)O[C@H](,36,ionic
[C@H]2C),15,ionic
cccn2,12,atom
c3ccc4ccccc4n3,15,atom
)c2Cl,5,atom
C)OC(=O),12,functional_group
Oc1ccc(CC,7,ring
cc(Cl)c(Cl)cc3,8,atom
ccc[n+](C,27,ionic
CC(=O)N(,29,functional_group
c2ccc(F)cc12,7,ring
c3ccccc3C,31,atom
O[C@@H]3O[C@H](CO)[C@@H](O)[C@H](O),11,ionic
COCCOCCOCC,28,atom
c5cccs5,10,atom
c1cccc2ccccc12)N,8,ring
[Gd-],7,metal
CC(C)N(C(=O),16,functional_group
Oc1cccc(C,30,ring
c(CC(=O)N,135,functional_group
)c(C)c4,12,atom
C[C@H]1C(=O)N,12,functional_group
c1cc(F)ccc1,58,ring
CNc1ccccc1,5,ring
[As,17,ionic
C(=O)Nc1ccccc1,13,functional_group
)C(=O)N[C@@H](CC(=O)O),13,functional_group
O=C(NCc1cccnc1,9,functional_group
CCC(C)CC(C),16,atom
CCN)NC(=O),26,functional_group
)NC(=O)[C@H](,16,functional_group
[C@@H]2C[C@@H](O)CN2C(=O),25,functional_group
c(n1)N,9,ring
Oc1ccc(Cl)cc1,64,ring
C=CC(=O),19,functional_group
[C@H]2O[C@H](C,28,ionic
[C@]3(C)CC,29,ionic
[C@]45C,4,ionic
OC(N,11,atom
O[C@@H]2CO),29,ionic
)c3n,51,atom
n3cccn3,16,atom
3=CC(=O),9,functional_group
Oc1c(,36,ring
F)c(F)c(,25,atom
F)c(F)c1,41,ring
F)C(=O)N,14,functional_group
[C@H](C)[C@@H]1,8,ionic
[C@@H]1C),8,ionic
[C@](O)(CC),8,ionic
O2),65,atom
)CC[C@H]1,25,ionic
C(=C(C,26,functional_group
SC(C,10,atom
=C(C(=O)N,56,functional_group
CCc1n,19,ring
C(F)(F)F)c(,11,atom
2C=CC,11,functional_group
[C@@H](O)[C@@H]1,56,ionic
Cc2ccccc2,103,atom
cnc[nH],9,ionic
Cc1ccc(C)c(,56,ring
(F)F)c,18,atom
CC(C)n1,88,ring
C(=O)NC(=O)N,14,functional_group
O=C(C1,7,functional_group
S(=O)(=O)c2ccc3,7,functional_group
C2),10,atom
)[C@H](C)C,16,ionic
[C@]2(C)C,32,ionic
CC(=O)Nc1cccc(,29,functional_group
c3c(N,23,atom
c4ccc(I,15,atom
c(C)c3,49,atom
O=C(NCCC,16,functional_group
COc1c(C)c,11,ring
c(Cl)[nH],11,ionic
COc1cc(O),47,ring
CC=C(C)C,8,functional_group
nc(C)cc2,9,atom
CCNC(=O)N,86,functional_group
S(=O)(=O)c2ccc(C)cc2,9,functional_group
[C@@H](COP(=O)(O),15,functional_group
C[C@@H]1O[C@@H](O,22,ionic
[C@@]4(C)C,7,ionic
[C@@H]6C,7,ionic
[C@@H]7O,7,ionic
[C@@H](C)CN,14,ionic
P(=O)(O)O)C,8,functional_group
[153,24,ionic
Sm,36,atom
c1sccc1,20,ring
OC[C@@H]1[C@@H](O)[C@H](O)[C@@H](O),20,ionic
([C@@H]2,14,ionic
Cc1nc(,79,ring
)c(C#N)c2,13,atom
CC(C)c1ccc(C,19,ring
c2c(C)n[nH],13,ionic
CCCN2C,22,atom
OC[C@@H]1O,18,ionic
CC2(CCN(CC,10,atom
c3ccccc3)CC,10,atom
2)O1,26,atom
(C)CCCC2,6,atom
S(=O)(=O)c2ccc(Cl)cc2,10,functional_group
COC(=O)[C@@]1(C,7,functional_group
c2ccc(OCc3cc(C)nc4ccccc34,7,atom
c1cncc(,35,ring
c3cc4ccccc4cc3,8,atom
c5cn,16,atom
5)C4,12,atom
)c(F),8,atom
cc(c1,23,ring
CCCCS(=O)(=O)N,30,functional_group
c1ccc(OCCCC,65,ring
)[C@H]3,6,ionic
[C@@]5,15,ionic
[C@H]3CCCO,13,ionic
OC(=O)c2ccccc2,9,functional_group
)cn4,19,atom
NC[C@H]1O,7,ionic
(OCCN,18,atom
)c2ccc(F)cc,11,atom
CCCCC(NC(=O),15,functional_group
OC)C(=O)N,18,functional_group
c3cccs3),24,atom
c2ccc(OC)cc2)cc1,7,ring
)CC2)C(=O),26,functional_group
Clc1cccc(,16,ring
O[C@@H](O,6,ionic
c2c1O),3,ring
[C@H](Cc3c[nH]c4ccccc34,16,ionic
C[C@H]1CN,17,ionic
c3nonc3,10,atom
sc1C(=O)N,8,functional_group
[C@](O)(CO),13,ionic
1CCN(C,45,atom
NC(CO),25,atom
c2ccc(Cl)cc12,42,ring
c1cc(F),11,ring
CCCC=C,7,functional_group
CCCN1CCC,12,atom
c3ccccc3)nc12,28,ring
OP(=O)(N,8,functional_group
c2cccc3ccccc23),4,atom
Cc1c(CN,31,ring
[C@@H](F)C,27,ionic
CCCN2S(=O)(=O),14,functional_group
CN1Cc2ccccc2,17,atom
CC1CO,43,ring
c3ccc(F)cc3),47,atom
NC(=O)N(C,11,functional_group
Clc1cccc(N,10,ring
)cc(Cl,12,atom
c2cn1,12,ring
[C@@H]3[C@@H]2,12,ionic
C2CCCC2,12,atom
ncc5,45,atom
CC(=O)O[C@@H]1,19,functional_group
Fc1cc(,11,ring
c3nc[nH],23,ionic
3CCN(C)CC,18,atom
Nc1ncnc(N,11,ring
S(=O)(=O)C(C)C,20,functional_group
)C(=O)NCC(=O)O,11,functional_group
Cc1ccc2nc(N,9,ring
CN(C)C(=O)N,11,functional_group
c3cccc(Cl)c3Cl,25,atom
C1C2,8,ring
CC1CC(C,8,ring
4CCOCC4)c3,19,atom
OC)O,8,atom
)C=C,33,functional_group
c2ccc(Br)cc,8,atom
[C@H]2[C@H]3,77,ionic
OC(=O)c3ccccc3,8,functional_group
Cl)cc2,8,atom
nnc(N,8,atom
c3ccc(OCCN,14,atom
2CCOCC2)C(=O)N,224,functional_group
[C@H](Cc2ccccc2)NC(=O),224,functional_group
(COC(=O),10,functional_group
c1nc[nH],96,ionic
C(=O)N(,132,functional_group
4CCCCC,132,atom
4=O),145,functional_group
2(=O)=O),14,functional_group
c4ccccc4C(=O)N3,6,functional_group
c(Cl),38,atom
CC(F)(F)F,31,atom
CC1(C)[C@@H](O)CC,12,ionic
CC(=S)N,58,functional_group
c(Cl)cccc3,8,atom
)C(F)(F)F)c1,8,ring
c3cnn(C,16,atom
(F)(F)F)c4,29,atom
O=S1(=O),9,functional_group
S2(=O)=O)cc1,17,functional_group
c(cc5,12,atom
=C5C,12,functional_group
=C3C,17,functional_group
[N+](C)(C)CC,21,ionic
c1cccc(Br)c1,29,ring
CC(=O)N(C,40,functional_group
OC(=O)c1cc(,15,functional_group
O=C(CN1C(=O),23,functional_group
c1cc(F)cc(F)c1,17,ring
c2ccc(Br)cc2),8,atom
O)CC1,56,ring
CO[C@H]1CC,12,ionic
c4ccc(F)cc4)c3,10,atom
[Fe-4],39,metal
)C#N,39,atom
OC(=O)c1ccccc1,47,functional_group
CC1(C)C,50,ring
SC[C@H](N,63,ionic
n3nnc(,8,atom
c4cc(OC)c(OC)cc4,19,atom
NC(=O)c4,8,functional_group
)cc2)C(=O)N,12,functional_group
Cc1ccccc1)C,8,ring
c1ccc(OCc2ccccc2)cc1,35,ring
OCc1ccc(C,8,ring
@]1,27,atom
(=O)OCC,31,functional_group
c1cc(C),28,ring
)C(C)(C)C)C(=O)N,11,functional_group
[C@@H](OC(=O)c3ccccc3),11,functional_group
C)C2,11,atom
(C)C)[C@@H](O),11,ionic
[C@]13,21,ionic
C[C@@H](CN1,13,ionic
s1)S(=O)(=O)N,16,functional_group
CCOc1cc(,29,ring
CNC(=N)N,69,functional_group
c2cnc[nH],62,ionic
[C@@H]1CCCC,84,ionic
OCCCCCCCC,9,atom
CC(C)(C)O,27,atom
CCNC2=O,7,functional_group
COc1ccc(C[C@H](NC(=O),16,functional_group
c2cnc[nH]2,16,ionic
)C(=O)N[C@@H](CC2CCCCC2,16,functional_group
cc(Cl)cc3,17,atom
[Si](C)(C),68,ionic
Clc1ccc(,61,ring
Cc1sc(,7,ring
3)nc1,14,ring
CC(=O)Nc1ccc(N,9,functional_group
N(C)C1=O,31,functional_group
c3cccn,16,atom
CC(C)(C)c1[nH]cnc1,11,ionic
c1ccc(OS(=O)(=O),23,functional_group
[C@@H](N)CC(=O),7,functional_group
)C(=O)N[C@@H](CCSC,7,functional_group
)C(=O)N[C@@H](CC(=O)O)C(=O)N[C@@H](C,14,functional_group
CC(C)[C@@H]1NC(=O),18,functional_group
CS(=O)(=O)c1ccc(CN,11,functional_group
c3cn[nH]c3,20,ionic
c3cc(Cl)c(O),11,atom
CC2)cc1,27,ring
C(=O)C=C(N,12,functional_group
COc1cc(C),20,ring
2CCn3,16,atom
c(nn,16,atom
Br)s,8,atom
n23)cc1,15,ring
c2cnn(CC,9,atom
scc(,9,atom
c3ccc(NC(=O)N,13,functional_group
)cc3)c12,9,ring
SCCN2C(=O),6,functional_group
)cc1C(=O)O,162,functional_group
[C@@]1(C)C,56,ionic
Oc3ccc(cc3,12,atom
Cl)[C@@H](O),12,ionic
[C@@H](NC(=O)[C@@H](CC,12,functional_group
(C)C)NC,12,atom
COc1ccc(O,15,ring
nc(NS(=O)(=O),15,functional_group
)cc2)s1,5,atom
CC(C)(C)C(=O)N,19,functional_group
c2cc[nH],19,ionic
NCCN,89,atom
CNC(=O)c1cccc(,15,functional_group
Cc1ncc([N+](=O)[O-])n1CC,46,functional_group
I)c3,10,atom
Oc1cc(C,27,ring
NC(=O)C(=O)N,85,functional_group
c3ccc(Cl)c,85,atom
Cc1cc(C)nc(NS(=O)(=O),12,functional_group
)cc2)n1,152,ring
O=C(NCc1cccc,9,functional_group
(C(C)C,16,atom
CCN1C(=O)C,26,functional_group
c2cn3,17,atom
c4c(Cl)cccc4Cl,12,atom
[C@H](O)[C@H]3,13,ionic
4)cc(OC)c1OC,19,ring
(=O)O)C(=O)N,20,functional_group
[C@@H]3C[C@H]3,7,ionic
C2CC3,6,atom
ccc1Cl,21,ring
CCOP(=O),38,functional_group
c(Cl)c(O),27,atom
CCc3ccccc3,8,atom
)nc(NC,15,atom
CN(C(=O)C,13,functional_group
c1ccc(OC(=O),7,functional_group
c2ccc,40,atom
CCOc1cc(C,6,ring
Cn1cn,30,ring
c3c(O)cc(O)cc3,9,atom
O=C(CN1CC,9,functional_group
NC(=O)[C@@H](,5,functional_group
n3ccnc3,32,atom
[C@]12CC,10,ionic
c2c(N)n,9,atom
nnc(C,9,atom
F)c4,17,atom
C1=S,10,functional_group
CSCC[C@H](NC(=O),19,functional_group
O=C(CN1,22,functional_group
CC1N,9,ring
N=C(NCC,9,functional_group
)C1O,9,ring
[C@H](CCCCN,43,ionic
)C(F)(F)F)n1,2,ring
cn3C,17,atom
CCNc1n,28,ring
4=N,25,functional_group
5CCC[C@H]5,7,ionic
[C@H]([C@@H](O),38,ionic
c2nc(sc2,7,atom
c1sc2,19,ring
[C@@H](CCCN,21,ionic
CN(C)CCN1C(=O)c2cccc3,9,functional_group
\C=C\C=C\,26,functional_group
c2ccc3cn,4,atom
C=N,24,functional_group
)C(=O)NC,16,functional_group
[S+],20,ionic
(O)C(OC,12,atom
[C@@H](C[C@@H]1,66,ionic
OC(=O)[C@H]1,66,functional_group
[C@H]1O[C@H](,8,ionic
CCCC[C@H](NC(=O)[C@H](CC,20,functional_group
[C@@H](N)CC(=O)O)C(=O)N[C@@H](C,8,functional_group
c2c[nH]c3ccccc23)NC(=O)[C@H](CCCNC(=N)N)NC(=O)[C@@H](C,25,functional_group
SCCS,6,atom
OCCNC(=O)C,13,functional_group
[n+]1ccccc1,17,ionic
S3,22,atom
[C@H](O)[C@@H](O)[C@H](O,10,ionic
C1CCC(C,59,ring
2CCOCC,22,atom
2)CN,11,atom
2)N3,33,atom
)C2=O)cc1,12,functional_group
OCCCCCO,45,atom
4CCC3CC,11,atom
[nH]ccc3,16,ionic
COCCN,18,atom
C(=S)NC(=O)C,8,functional_group
cccnc3,12,atom
)C(=C,10,functional_group
=[N+]=[N-],40,functional_group
CC(=O)NC,7,functional_group
c3ccc(Oc4,7,atom
ccc(C)nc4,7,atom
CC[N+](CC),23,ionic
[N+](CC)(CC)CC,24,ionic
[I-].[I-].,12,ionic
2CCCCC2),49,atom
ccc(O)c2,29,atom
NC(=O)[C@H]1,45,functional_group
n1cnc(,18,ring
)n1)N,18,ring
)C(=O)N[C@H]1,18,functional_group
SCCO,10,atom
[C@@H](Cc2ccccc2)NC(=O),22,functional_group
Cc1ccc(NC(=O)C2,102,functional_group
O4,102,atom
Oc3cc(,9,atom
Oc5,9,atom
c5C(=O),9,functional_group
2)O,14,atom
(O3)C,10,atom
3CC4CC,10,atom
4)ccc1,10,ring
CCCCCCCCCC(=O),11,functional_group
C(=O)N(C(=O)N,8,functional_group
CC2CCN(CC,8,atom
4CCOCC4,5,atom
Br)C(=O)N,11,functional_group
(N=C1,37,functional_group
[C@H](S,38,ionic
)C2)cc1,18,ring
\C=C/,5,functional_group
=CC(=[N+](C)C)C,19,functional_group
)c2ccc(N,13,atom
Cn1c(N,16,ring
Oc3ccnc(,9,atom
)c3cccc(,5,atom
Br)c3,5,atom
CCN=C1,7,functional_group
c1cc(C)o,11,ring
[C@H](OP(=O)(O)OC,20,functional_group
[C@@H]3OP(=O)(O)OC,64,functional_group
C[C@@H]3,32,ionic
COP(=O)(O)O[C@H],80,functional_group
C(=O)NCCC,10,functional_group
[C@@H](CCC,17,ionic
[C@@H](NC(=O)[C@H](NC(=O),9,functional_group
NC(=O)CN(C)C,9,functional_group
)[C@@H](C)O)C(=O)N,9,functional_group
CN=C(N)N)C(=O)N,9,functional_group
)[C@@H](C)CC,14,ionic
Oc1cc(O),56,ring
cc(O)c(O),14,atom
N2CCC,14,atom
(n3,19,atom
COc1ccc(OC)c(,9,ring
=C(CC,15,functional_group
)SC,8,atom
CC(C)OC(=O)N,16,functional_group
c2ccccc2)C(=O)NC,9,functional_group
Cc1cc(C)c(,16,ring
COc1cc(CCN,6,ring
)cc1Br,39,ring
CCCS(=O)(=O)N,22,functional_group
c4cc(,61,atom
c2ccc(CCNC[C@H](O),123,ionic
=C4C[C@@H](O)CC,31,functional_group
Cc1cnn(,10,ring
(C)C(=O)O),11,functional_group
CC(=O)O)c2,20,functional_group
CCN(CC)C1,12,ring
c4ccc(OC(F)(F)F)cc4,6,atom
CC(C)Oc1ccc(,29,ring
CCNC(=O)OC,13,functional_group
c3c(ncn,6,atom
n(C),14,atom
COc1cc2,43,ring
OCC(C)(C),15,atom
c2c(OC)c1OC,8,ring
)C(=O)N[C@@H](Cc2ccc(O)cc2,33,functional_group
[C@H]3O[C@H]4,14,ionic
CCOC(=O)c1c(,12,functional_group
c1ccc(OC2,18,ring
SC[C@H](NC(=O),18,functional_group
)cc1N,90,ring
OC)C2,4,atom
)nc4,68,atom
7)C6,4,atom
c2cccs2)C,9,atom
SC(=O),17,functional_group
c5ccc(OCc6ccccc6,4,atom
2CCC(Cc3ccccc3,8,atom
CC1=CC(=O)N,14,functional_group
2CC(=O)N,14,functional_group
c3cc(OC)ccc3,26,atom
Cc1nnc(S,16,ring
SC2,33,atom
)c2n,41,atom
4C5,6,atom
45,6,atom
6C7,6,atom
[C@]1(,50,ionic
cc(F)c3,15,atom
)c2cccnc2,9,atom
o1,16,atom
FC(F)(F)c1ccc(CN,6,ring
c3c[nH],24,ionic
O[C@@H]2CC,46,ionic
[C@H]1OC(=O),36,functional_group
NC(=O)CCl,5,functional_group
4CCOC4,33,atom
c5ccccc5)C,6,atom
CS(=O)(=O)N1CC,10,functional_group
NC3,11,atom
[C@@H](Cl),16,ionic
O=C(Nc1ccc(,48,functional_group
Oc1nc2,12,ring
COc1ccc(F)cc,12,ring
c1c(F)c(F)c(,22,ring
CNc1n,24,ring
4CC4,12,atom
c2cc3c(N,21,atom
c4ccc(Cl)c(Cl)c4,11,atom
C)OC,6,atom
3CN,10,atom
Clc1cccc(C,7,ring
)n2ccnc2,7,atom
CCOC(=O)c1c[nH],8,functional_group
c2cc(OCC,21,atom
c3c(F)cc(F)cc3,6,atom
F)n2,6,atom
CC(C)c1nn,6,ring
c3ocnc3,10,atom
cccnc12,59,ring
c1cn(C)c2,7,ring
[C@@H](Cl,30,ionic
n4ccc(,9,atom
OC(=O)c1ccc(,9,functional_group
C3CCC,14,atom
c3ccc(NC(=O),14,functional_group
[C@@H](NC(=O)OC)C(C)C,17,functional_group
)[C@@H](C,49,ionic
sc(CC,18,atom
c(C)nc1,32,ring
C2=C(C,18,functional_group
c2c(C(=O)N,21,functional_group
O)c(OC,30,atom
Cc1cccc(Cl)c1,45,ring
Cc1nc2ccccc2n1,11,ring
[C@@H](Cc3ccccc3)C(=O)N,14,functional_group
c4ccc(C#N,14,atom
c3cccc(CC,9,atom
OCCOCCOCCOCCOCCOCCOCCOCC,58,atom
(Oc3,7,atom
ccc(Cl)cn3,7,atom
Br.Br.,65,atom
Br.[Br-].,13,ionic
Nc1nc(O)c2,36,ring
)ccc2n1,22,ring
O)S(=O)(=O),6,functional_group
C(=C(O),13,functional_group
COCCNC(=O),9,functional_group
CC(=O)NCC,35,functional_group
C1)N,30,ring
CC(C)CC(=O),4,functional_group
CN(C)c1ccc2,52,ring
[s+],52,ionic
NS(=O)(=O)c1cc(,24,functional_group
Cc1ccc(C)c(C,8,ring
ncnc(N)c2,24,atom
Oc1ccc(Cl)cc,11,ring
C(=O)O[C@@H]1,8,functional_group
c2c(ccc3,8,atom
CC2CCC(C,7,atom
c3ccccc1,6,ring
c(OC)c2,10,atom
c2c1O,30,ring
ncc(C#N,13,atom
[C@]1(O,18,ionic
CC(=C,23,functional_group
[Li+].[Li+].,8,ionic
[C@@H]2O[C@@H](CO),17,ionic
CCN4CCOCC4,9,atom
3)cc1Cl,9,ring
)ccc1Cl,12,ring
NC(=O)c3cn,9,functional_group
c4ccccc4c3,17,atom
C[C@@H](O)[C@@H]1NC(=O)[C@H](CCCCN)NC(=O)[C@@H](Cc2c[nH]c3ccccc23)NC(=O)[C@H](C,9,functional_group
OCCCCCC,24,atom
N[C@H]1CC,58,ionic
CC(=O)Oc1ccc(,6,functional_group
COc1c(O)cc2,14,ring
CN2CCC,11,atom
S(=O)(=O)N(C,21,functional_group
c(C)cccc2,9,atom
OCc1ccccc1)C(=O),6,functional_group
cc(Br)c(N,29,atom
CCCCCn1,6,ring
c3c(Cl)cccc3Cl,6,atom
cc[nH]n,23,ionic
(=NN,8,functional_group
[C@@H](Cc2ccccc2),5,ionic
CCN2C(=O)c3ccccc3C2=O),5,functional_group
cc(OC)c1,42,ring
c2nn3,26,atom
CN[C@H](C,8,ionic
CCc1ccc(NC(=O),7,functional_group
c1ccc(Nc2ncc3,6,ring
C1CN,17,ring
CCNCCCN,23,atom
C3(C,6,atom
C[C@H](NC(=O)C,9,functional_group
Cc1cncn,8,ring
c2oc(,13,atom
c3ccc(O)c(O)c3,32,atom
nccc2,9,atom
n3nn,13,atom
CC12,12,ring
COc1ccc(C[C@@H]2,56,ionic
OC(F)F,11,atom
)P(=O)(OC,12,functional_group
O)C(O)C,24,atom
[C@H](CC(=O),10,functional_group
C(=O)N(C)c2,9,functional_group
5CCN(CC,9,atom
6CC6,9,atom
N1C,26,atom
[nH]1)C,6,ionic
CC(C)[C@H](NC(=O)C,12,functional_group
[N-]=[N+]=N,38,functional_group
[nH]c(CC,9,ionic
CN3CC,9,atom
c4ccccc4C3,9,atom
CN(C)C1=N,10,functional_group
[C@@H](O1),18,ionic
NC(=O)CSC,11,functional_group
c3ncnc4,29,atom
)CN(C,10,atom
c3ccn,25,atom
N=C(N)NC,13,functional_group
CC[C@H](C)[C@@H]1NC(=O)[C@H](Cc2ccc(O)cc2)NC(=O),6,functional_group
CCCSC,13,atom
Cc1ncn,11,ring
cc(Cl)c,263,atom
Cc1ccc(F)cc1,7,ring
c3cccn3C,7,atom
P(=S)(N,12,functional_group
)[C@H](N,29,ionic
c1n[nH],37,ionic
)n1N,11,ring
Cc1cnc(C,9,ring
NC(=O)c2cc3,24,functional_group
c1ccnc(,18,ring
Oc1c(Cl)cc(Cl)cc1,15,ring
C[C@@H](OC,87,ionic
NC(=O)CNC(=O)[C@H](C,14,functional_group
)cc1I,18,ring
c2cc(C)cc(C)c2,21,atom
)C(=O)NCCCC,12,functional_group
2CC2)c(OCC,11,atom
0,7,atom
[Bk,13,ionic
C5,13,atom
)C4=O),13,functional_group
OC)c1,26,ring
c(N)ncnc2n1,5,ring
[C@@H]1CC[C@@H](C,8,ionic
C[C@@H](O)[C@H](N)C(=O)N1CCC[C@H]1,21,functional_group
c(F)c3,11,atom
CCC#N,7,atom
Cc1cc(F)ccc1,32,ring
N=C2C,6,functional_group
C12,12,ring
[C@@H]2C[C@H](C,9,ionic
OCCCCCN,8,atom
CC1)C,25,ring
c1ccccc1)OC,6,ring
O=C(NCc1ccccc1,26,functional_group
n2)C,10,atom
c(O)cccc1,44,ring
c2onc(C,8,atom
ccc(Cl)c(N,17,atom
c2nc3ccccc3nc2,6,atom
)c2)c1,57,ring
3CCOCC,115,atom
[C@@H]2N,11,ionic
c1cccs1)N,12,ring
[C@@H]1CN,29,ionic
C=C(C)C,6,functional_group
=CC=C(C)C,21,functional_group
c1noc(,12,ring
CC(C)C[C@H](NC(=O)OCc1ccccc1,15,functional_group
)C(=O)N[C@@H](Cc1ccc(O)cc1,15,functional_group
)Cc2ccccc2,7,atom
[C@@H]2CC[C@@]3(CC,9,ionic
O4),20,atom
c3cc1,7,ring
Oc1cc(ccc1,7,ring
Oc4ccc(cc4,7,atom
N(C)CC,10,atom
c1ns,8,ring
)on1,32,ring
c2co,16,atom
COc1cc(OC)cc(,21,ring
)c2ccc3,10,atom
c4cnn(C)c4,10,atom
CC1=CC(=O),16,functional_group
[C@@H]4O,7,ionic
c4ccc(CN,4,atom
5CCOCC5)cc4,4,atom
C2=O)C(=O)N,4,functional_group
c2ccc(F,7,atom
)c(C)n2,13,atom
c4nn,19,atom
CC[C@H](C)[C@H](NC(=O)[C@H](CC(=O)O)NC(=O)[C@H](CC,43,functional_group
(C)C)NC(=O)[C@H](CC(C)C)NC(=O)[C@H](CC,43,functional_group
CNC(=N)N)NC(=O)[C@H](CC,101,functional_group
c1cnc[nH]1),96,ionic
CCN)NC(=O)[C@@H](NC(=O)[C@H](CC,43,functional_group
(C)C)NC(=O)[C@@H](NC(=O)[C@H](CCC(=O)O)NC(=O)[C@H](CC,43,functional_group
(C)C)NC(=O)[C@H](CC(C)C)NC(=O)[C@H](C,43,functional_group
(C)C)NC(=O)[C@H](CC(=O)O)NC(=O)[C@H](CC,43,functional_group
(C)C)NC(=O)[C@H](CO)NC(=O),43,functional_group
[C@@H](NC(=O)[C@@H]1CCCN1C(=O),43,functional_group
C(=O)O)NC(=O)[C@H](CC,47,functional_group
O)C(C)C),43,atom
[C@@H](C)O)C(=O)N,43,functional_group
[C@@H]2C=C,13,functional_group
[C@@H]4[C@H](CC,9,ionic
[C@]45,19,ionic
)c2c1O,12,ring
sc(NC(=O)N,10,functional_group
3)nc12,10,ring
CN(C)CCN(C,37,atom
Cc1ccc(Cl)cc1,5,ring
CC(C)CCN,8,atom
c1cc(Cl)cc(Cl)c1,4,ring
)n3ccnc3,7,atom
NC(=O)OC(C)(C)C,8,functional_group
)(C,36,atom
c5nccs,7,atom
)c(Cl)c4,7,atom
CC(C)(C)C)C,42,atom
c2ccc(F)c,9,atom
CCN),11,atom
c3ccccc3N=C2,11,functional_group
)C(=O)N[C@H](C,46,functional_group
c2ccc(F)cc2)cc1,16,ring
CC(C)C[C@H](N)C(=O)N,6,functional_group
Oc4ccccc4,7,atom
OCCC(=O)N,7,functional_group
CCC(CC)(C,11,atom
c1cccc(OC,11,ring
nc2n1,6,ring
5CCC[C@H]5C(=O)N,16,functional_group
3CCC[C@H]3C(=O)N,16,functional_group
C[C@@H]1O[C@@H](O[C@@H]2,15,ionic
c3c(s,6,atom
Cc1nc(C(=O)N,10,functional_group
c2ccc(Oc3ccccc3,22,atom
Oc2cc3,8,atom
c4cc(C,8,atom
OC)cc1,8,ring
c3cc(Br,8,atom
)c(O)cc3,8,atom
(O)(CC,23,atom
c1cccc(F)c1,23,ring
\N=C,32,functional_group
)c4cc(,16,atom
C2=O)CC1,8,functional_group
c1c2ccccc2,36,ring
OCCN(C,10,atom
P2,10,atom
=C(C)N,10,functional_group
(N2,17,atom
c5cccc(OC)c5,9,atom
4)cc1,9,ring
CCO),27,atom
CCCC(,21,atom
CCCN=C(N)N,21,functional_group
CC1C(=O)N,21,functional_group
)C(=O)N[C@@H](CO)C(=O)N,39,functional_group
[C@@H](CCCN=C(N)N,21,functional_group
c1ccccc1)NC(=O)CNC(=O)CNC(=O)[C@@H](N)C,9,functional_group
CCc1cc(OC,25,ring
)ccc1OC,22,ring
CC(C)C1=N,10,functional_group
c1ccccc1N,5,ring
CNCc1cc(,13,ring
c2ccccc2F),28,atom
cccc(CCN,8,atom
c4cc(O)ccc4,22,atom
[C@H]3CC[C@]12C,19,ionic
COc1ccc2c(N,5,ring
NC(=O)c2cc(,28,functional_group
c3ccc(OC(F)(F)F)cc,7,atom
1CCCCCC1,9,ring
c2ccc(I,7,atom
F)c(O),9,atom
CC1(C,7,ring
H2,23,atom
c2ccc(C[C@H](NC(=O),7,functional_group
)c(Cl)c1Cl,34,ring
)[C@H](O)C,7,ionic
C)S(=O)(=O),6,functional_group
)CCN1,8,atom
3)C(=O)N,31,functional_group
[C@@](CC,19,ionic
OC2=O),16,functional_group
cc(OC)c2,15,atom
CC(C)NC(=O)C,7,functional_group
3CCCC3)cc2,7,atom
)c1nc2ccccc2,9,ring
CCCC1=N,8,functional_group
CCOC(=O)[C@@H]1,11,functional_group
[90Y,8,ionic
c3cn4,13,atom
5CCOCC5),13,atom
3CCCCC3)C,8,atom
c3ncnc(N,23,atom
CC(C)OP(=O)(OC,9,functional_group
O=C(OCC,9,functional_group
c4[nH]3,12,ionic
Cc1c2,5,ring
Nc1ncn,24,ring
)C(=S)N,11,functional_group
[C@@H](O)CC2,30,ionic
NC(=O)c2[nH],5,functional_group
ccc(OC,11,atom
OCC3CC3,11,atom
COc1cc2c(Nc3ccc(Cl)c(Cl)c3,9,ring
[C@@H]1C[C@@H]2,21,ionic
O=C(N[C@@H](C,24,functional_group
O[C@@H]3C,13,ionic
sccn2,9,atom
CCN1CCC,9,atom
(=C(,9,functional_group
Cc1cccc(NS(=O)(=O),11,functional_group
C)n1,11,ring
n2cnc(,6,atom
c4ccc(OCCN,8,atom
5CCCCC5)cc4,8,atom
=C(C#N,14,functional_group
Cc1nn(,16,ring
)ncc12,16,ring
COc1ccc2[nH],29,ionic
CC(C)C[C@H](,4,ionic
NC(=O)[C@H](C)NC(=O)[C@H](CCCNC(=N)N)NC(=O)[C@H](CC,4,functional_group
c2cc(F)c(,5,atom
CN1C(=O)c2c(,6,functional_group
cc3ccccc2,6,atom
(Cc2ccccc2,42,atom
3CCCCC3)cc2,6,atom
c2ccc(O)cc2)C(=O)N,18,functional_group
c2cnc(N)n,10,atom
CCN(CCO),38,atom
[C@@H]3CCCC[C@H]3,11,ionic
c3cc4cc(Cl)ccc4,14,atom
3)s,14,atom
)nn3),16,atom
c4c([nH]c5ccccc45),107,ionic
NC(=O)S,5,functional_group
CCc1cccc(CC,12,ring
3=,5,functional_group
CCN(CC)C(=O)N,10,functional_group
OCC(O)CNC(C)(C)C,19,atom
[C@H]4CCCC,13,ionic
[C@H]2[C@H](N,8,ionic
2CC1,6,ring
Cc1cccs,10,ring
C[C@@H](O)[C@H](NC(=O),28,functional_group
COc1cc(OC)nc(,7,ring
O[C@H](C(=O)O),26,functional_group
=C(O,17,functional_group
c2ccc(OC(C)C,5,atom
5)C3,7,atom
c3ccccc3)c1,5,ring
CN(NC(=O),13,functional_group
)C(=S,13,functional_group
c2c(F)cc(,18,atom
2C1,7,ring
c(Cl)cncc2Cl,12,atom
C2=O)N,25,functional_group
P(=O)(O)C,6,functional_group
c(F)cccc6,6,atom
[C@H](NC(=O)OC,15,functional_group
c2c1Cl,6,ring
O)C3,7,atom
ccc(Cl)c,45,atom
c(C)n3,22,atom
[Zn+2].,50,ionic
OCC(=O)NCC,4,functional_group
(F)(F)C(F)(F)F),16,atom
COc1ccc(C2,7,ring
)[C@@H]1C,17,ionic
)c2ccc(C,12,atom
[nH]nn,8,ionic
CCN(Cc2ccccc2)CC1,12,ring
COCCOc1,22,ring
cc(C)nc(N,8,atom
CC(=O)NCCN,8,functional_group
nc(C)cc(N,11,atom
Cc2ccc(CN,4,atom
(C)C)C(=O)OC,7,functional_group
(N(C,11,atom
c6n5,15,atom
C(=O)C(CN,74,functional_group
c1ccccc1C(=O)N,9,functional_group
c2c[nH]nc2,9,ionic
c2ccnc(,18,atom
c1ccccc1)C(=O)C,4,functional_group
ccc3C,21,atom
)c2c1C,17,ring
2[C@H](C,14,ionic
c3ccc(CO)cc3,7,atom
CCN2C,16,atom
4CCCC,19,atom
[C@](O)(C(=O),12,functional_group
OC[C@@H](O)[C@@H](O),10,ionic
CCOc1cc2ncc(C#N)c(N,21,ring
c3ccc(OCc4cccc(F)c4,6,atom
(CC(=O)NO),12,functional_group
S(=O)(=O)[O-]),13,functional_group
)c(CN,20,atom
c3ccc(Cl)cc3Cl,30,atom
)N(C)C,25,atom
c2nnc(S,7,atom
OC(=O)C1=C,45,functional_group
c2CC,9,atom
)c(CC(=O)O),23,functional_group
NC(=O)C(C)(C)C,9,functional_group
)cc23)cc1,12,ring
[C@@H](COC(=O),10,functional_group
cc(Br)c3,16,atom
cc(OC)c(,9,atom
CCCC[C@H](CN(O)C=O),22,functional_group
CCCCC(O),3,atom
[C@@H](NC(=O)OC(C)(C)C,17,functional_group
C[C@@]12,11,ionic
c2nc3s,6,atom
nc(C)c3,6,atom
)C(C)C)cc1,12,ring
[C@H](OP(=O)(O),8,functional_group
O)C(=O)N[C@@H](CC(C)C)C(=O)N,8,functional_group
n2c3ccccc3,2,atom
CCCCS,11,atom
C1)C(=O)N,14,functional_group
[C@H](O)[C@H](O,15,ionic
CCC[n+]1,10,ionic
[C@@H](OC(=O)C(C)C),8,functional_group
5C=CC=CC,12,functional_group
5=C,12,functional_group
3C=CC=CC,12,functional_group
=CC=CN3,12,functional_group
4)N,18,atom
2C=C1,12,functional_group
c1csc(,6,ring
cc(F)c2,23,atom
(F)(F)C2,11,atom
CCC(=O)O[C@H]1,11,functional_group
[C@@H](C)O[C@@H](O,11,ionic
[C@H](OC(=O)CC,11,functional_group
[C@H](O)[C@H](C)C,11,ionic
[C@H](C(C)C)N(C)C(=O),10,functional_group
CC(C)[C@H]1,29,ionic
)C(=O)NCC(=O)N[C@@H](CC,13,functional_group
2CCCC2)C3,9,atom
c(CC(=O)O),28,functional_group
CCC1(C),8,ring
O=C(NCC1,23,functional_group
[C@H](C)N(C)C(=O),15,functional_group
CC(C)Cn1,7,ring
c3cccc(I)c3,17,atom
CCOP(=O)(N,11,functional_group
)N(CCCl)CCCl,11,atom
[C@](C)(O)CC,5,ionic
[C@H]2CC(=O),16,functional_group
CC(=O)Nc1ccc2,9,functional_group
COc1ccc2c(OC,5,ring
)ccnc2c1,19,ring
c2cc(Cl)c(O),8,atom
)C(=O)N[C@@H](Cc1ccccc1)C(=O)N,11,functional_group
[C@@]23C,18,ionic
(C)C)C1=O,8,functional_group
cn4,27,atom
c2ccc(Oc3ccccc3)cc2,33,atom
c4cccc5ccccc45,9,atom
SSC[C@H](NC(=O)[C@H](CC,11,functional_group
(=O)O)NC(=O)[C@H](CC,39,functional_group
NC(=O)CC[C@H](NC(=O),11,functional_group
c6c[nH],11,ionic
)cc5,51,atom
)C(=O)O)C(=O)O),11,functional_group
c(Cl)cc,16,atom
2CCOCC2),26,atom
[C@@H](O)C(=O),6,functional_group
(Cc2ccccc2)C,12,atom
[C@@H],13,ionic
COc1cc(NC(=O)N,13,functional_group
Br)CC,24,atom
c2ncc3,20,atom
c4c(F)cc(,9,atom
F)n(,9,atom
CC(O,38,atom
)OC(=O)C,52,functional_group
C#N)c1,16,ring
c6ccc7,10,atom
[C@@H]8C,10,ionic
[C@@H]9,28,ionic
c7c6,10,atom
)[N+](=O)[O-],3,functional_group
(C)C(=O)C,18,functional_group
3)cc(OC)c1OC,31,ring
)ncc1C(F)(F)F,10,ring
COc1ccc(O)c(,5,ring
c4ccccc34),16,atom
CC(C)C[C@@H](NC(=O)[C@H](C,8,functional_group
c1ccccc1)NC(=O)C,8,functional_group
NC(=O)[C@@H](C),8,functional_group
CN1CCC2,24,atom
CN(CC=C,10,functional_group
NC(=O)c2cccnc2,10,functional_group
[C@H](C2),14,ionic
CCCCc1n,24,ring
c(CCCC,9,atom
(CN3CCC,6,atom
[C@@H](N(C,22,ionic
2CCCC2),8,atom
s1),8,atom
sc(CN,9,atom
)c4n,9,atom
Nc1ccc(C,15,ring
[C@@H](C)O)C(=O)N[C@@H](CC,6,functional_group
(=O)O)C(=O)N[C@@H](C,10,functional_group
C(=O)N[C@@H](C(C)C)C(=O)N,11,functional_group
N=C(NC(=O),13,functional_group
c(N)nc1,6,ring
CCN=C2,6,functional_group
COc1ccc(OC,24,ring
(C)(C)C(=O)N,7,functional_group
CO[C@H](C,7,ionic
[nH]c(cc4nc(,16,ionic
[C@@H](O)[C@@H](O)C,13,ionic
)ccc5,8,atom
c4c1,8,ring
O1)C,8,atom
NC3=O,8,functional_group
c4cc(Cl)ccc4,248,atom
[C@@H]4CCCNC4,13,ionic
COc1cc(OC)c2,7,ring
CN(C)C(=O)c1cc2cnc(N,5,functional_group
)C(=O)N[C@@H](CCCCN)C(=O)N,5,functional_group
Oc1cc(Cl)ccc1,17,ring
OC(CO),19,atom
c(C)c(C(=O)N,12,functional_group
CCC(CN,12,atom
c4ccc(NCC,7,atom
Oc4cn,7,atom
c5[nH]ccc5,7,ionic
n1CC(=O)O,16,functional_group
OCC2CO,22,atom
c2c[nH]cn,13,ionic
c2ccc(F)cc2C,20,atom
N3C(=O),7,functional_group
c4ccccc4C3=O),7,functional_group
c(C(=O)OCC,12,functional_group
c2cc1OCC,12,ring
c2ccccc12)N,9,ring
CSc1nc(N,7,ring
[C@H]3O)c2n1,87,ionic
Cn1c(C,20,ring
(C)CCCN,9,atom
Cc1cc(O)c2,7,ring
c(O)cc(O),30,atom
)c8,14,atom
c78,7,atom
COc1ccc(NS(=O)(=O),8,functional_group
c2c(F)c(F)c(F)c(F)c2,8,atom
OCOc1,6,ring
[C@@H](CO)N(CC,6,ionic
c1ccc(N)cc1,6,ring
OS(=O)(=O)O)[C@@H](OS(=O)(=O)O),8,functional_group
CCCOc1,13,ring
Cc1ncc(,24,ring
[C@@]3(C,7,ionic
c1ccccc1)NC(=O)N,16,functional_group
CCN1CCN(CC,11,atom
COc1nn2,20,ring
cc(C(=O)C(=O)N,10,functional_group
c2ccc(Cl)cc2)C(=O)N,7,functional_group
(F)F)cc1,7,ring
[C@@H](Cc1ccccc1)C(=O)N,20,functional_group
c4ccccn3,15,atom
(Cc2ccccc2),9,atom
c2ccc(NS(=O)(=O)O)cc2,33,functional_group
[C@@H](CC(C)C),20,ionic
COc1ccc(Cl)cc1C,11,ring
NC(=O)[C@@H]1CCCN1C(=O),11,functional_group
nc(N)c2,12,atom
C(=O)c2c(O),11,functional_group
NC(=O)CCS,10,functional_group
C[C@H](CCC(=O)N,13,functional_group
c3ccccc3C2=O),17,functional_group
cccc4,14,atom
c3CCC,8,atom
Fc1cc(F)c2,11,ring
)c(O)cc2,14,atom
OC[C@@H](O,7,ionic
1C=N,19,functional_group
[C@H]5C,13,ionic
6CCCCC,8,atom
ncccc3,20,atom
s2),24,atom
ccncc2,20,atom
CCOC(=O)c1ccc(,32,functional_group
c3ccc(OS(=O)(=O),11,functional_group
c4cccc5,189,atom
)cccc4,11,atom
5)cc3,18,atom
cc4C,6,atom
COC(=O)C(C,11,functional_group
C(=O)OCCC,11,functional_group
c2ccc(Br,19,atom
c3coc(,19,atom
(C)C)OC(=O),26,functional_group
)c4ccccc34,27,atom
)c(OC)cc1,27,ring
[C@@H](O)[C@H](,16,ionic
)[C@H](O)[C@H](O)[C@H]1O,11,ionic
)C[C@@H]2C,62,ionic
c2c[nH]c3ccccc23)N,17,ionic
COC(=O)C(C),9,functional_group
Cc1csc(,12,ring
ccc2N,10,atom
c2cc(C)o,8,atom
[C@H](C)[C@@H](O)[C@@H](C),22,ionic
CC(=O)N1CCC,44,functional_group
C(=O)N1CCC,22,functional_group
CC(=O)Nc1cc(,18,functional_group
[C@](N),6,ionic
(F)F,16,atom
c4cn[nH]c4,6,ionic
c1ccsc1,5,ring
[C@H](CO)N,11,ionic
c1ccc2ncc(,11,ring
c3ccccc23)cc1,7,ring
N1C(=O)N,8,functional_group
c3ncccn,10,atom
(O)CC1,14,ring
NCCCCN(C,8,atom
)CC2=O,8,functional_group
Cn1nc(,34,ring
=C(C=O),26,functional_group
[C@H](N)C(=O)N1CCC[C@H]1,10,functional_group
)C(=O)N[C@@H](CCCNC(=N)N)C(=O)O,8,functional_group
nc3ccccc3nc2,8,atom
c3cc(OCC,13,atom
CN4C(=O),10,functional_group
c4ccc(O)cc4)NC(=O),10,functional_group
O=C(Nc1ccncc1,19,functional_group
CC1(C)N=C(N)N=C(N)N1,14,functional_group
cnc3nc(N)nc(N,39,atom
2CCCCC2)C,10,atom
[n+]2ccccc2,9,ionic
c3cccs3)C(=O)N,9,functional_group
(F)F)c(OC,4,atom
Cc1ncc([N+](=O)[O-])n1,14,functional_group
C(=N)S,5,functional_group
c2nonc2,10,atom
CCCNC3,10,atom
NC(=O)C4,56,functional_group
c4ccc(F)c(Cl)c4,11,atom
c1ccccn1)N,5,ring
c3ccccc3)O,13,atom
OB,66,atom
[C@@H]1Cc2ccccc2,26,ionic
c(Cl)nc(N,9,atom
3CC3)n,19,atom
(=C)C,9,functional_group
c1nccc(,12,ring
COCC(=O)N,7,functional_group
sc(C),11,atom
COc1ccc2[nH]cc(CC,41,ionic
NC(=O)c3,17,functional_group
3)c2c1,8,ring
ccncc4,5,atom
c3c2)cc1,5,ring
CCNc1nc(N,24,ring
)nc(SC,14,atom
c2n1C,8,ring
CCCCCC(=O)N,4,functional_group
n2c(nc3,10,atom
cnccc3,10,atom
O=C(NCC,25,functional_group
C)s1,6,atom
CN(C)c1cc(,9,ring
)c3cc(Cl)ccc3,7,atom
2CCOCC2)N,6,atom
OCCS,22,atom
F)c5,14,atom
(C)C)c5,8,atom
Cn1nccc1,2,ring
nn4,12,atom
[C@@]6,11,ionic
(F)F)C,11,atom
c8c6[nH],11,ionic
ccccc8,11,atom
6)C7,11,atom
c3nn[nH]n,26,ionic
(O)C(N,17,atom
C1CCC2,14,ring
c3cccc(OC(F)(F)F)c3,22,atom
N(CCN(CC(=O)O),11,functional_group
CC(=O)O)CC(=O)O),11,functional_group
/C/,14,atom
[C@@H]2C3,19,ionic
c(CC=C(C)C)c(O),13,functional_group
c2ccc(F)c(,15,atom
[C@H](O[C@@H]1,20,ionic
2)N3C,10,atom
O=C(Nc1ccccc1)N,5,functional_group
CCS(=O)(=O)N1CC,14,functional_group
(CC#N),14,atom
O)C(=O)[O-],13,functional_group
(F)(F)F)C(=O)N,6,functional_group
)c(C)cc2,13,atom
Cl)n1,20,ring
CCCN1C,59,atom
C(=O)NC(=N,19,functional_group
3)C(C)(C)C,3,atom
c(N)n1,26,ring
)N(C(=O),11,functional_group
cc(OC)c(OC)cc3,15,atom
)C(=O)N(C),16,functional_group
4CCCCC4,8,atom
CCN(CC(=O)N,5,functional_group
c2C(=O),10,functional_group
c1cccc(NC(=O)N,10,functional_group
c1ccc2c(C,17,ring
[C@@H](C#N,5,ionic
CC1)N,5,ring
c(C)c(O),9,atom
[C@H](C=C,9,functional_group
CCCc1c(C,12,ring
[C@H](N)CC,10,ionic
ccn4,6,atom
CCCCCCCN(CC,19,atom
nc2C,11,atom
[C@@]2(C)[C@H]1C,8,ionic
nc(NC(=O)C,18,functional_group
c2cc(OC,50,atom
)c1C#N,10,ring
OC(OC2C,9,atom
OC(O,9,atom
(O)C(O)C1,9,ring
c1ccc(Cl)s,7,ring
CCNC(=O)[C@H]1,12,functional_group
c2c(o,11,atom
[L,40,ionic
n3c(CC,12,atom
c(SC,12,atom
c5ccc(C,12,atom
)cn5,12,atom
c3ccccc3F),28,atom
CC1(O),10,ring
CCC2C3CCC4,10,atom
[C@]3(C)C(=O),30,functional_group
[C@@H]23),36,ionic
5)C(=O),14,functional_group
[C@@H]3C[C@@H](O),14,ionic
)C(C)C)C(=O)N[C@@H](C,9,functional_group
cccc(Cl)c2,24,atom
n2c(C),12,atom
c2ccc(SC,9,atom
COc1cc(NC,9,ring
c2ccc3nc(N)nc(N,9,atom
C)cc(OC)c1OC,23,ring
c2coc(,32,atom
Oc5ccccc5,7,atom
C5=N,7,functional_group
4)C(=O),7,functional_group
2CCOCC2)ccc1,8,ring
Oc1cn,8,ring
)NCC,12,atom
[C@]3(O,29,ionic
[C@H]3O)cc1,9,ionic
cc(O,4,atom
)c3cc2,9,atom
ON=C1,9,functional_group
3)[C@H](C)C,8,ionic
c(OC)ccc2,15,atom
CC(C)c1ccc2,9,ring
[C@@H]2Cc3ccccc3,6,ionic
COCCOC,9,atom
[C@H](CC1,9,ionic
(C)C)C(=O)C(F)(F)F,11,functional_group
C[C@@]1(CO),13,ionic
[C@@H]1CC(=O),11,functional_group
c3ccc(OCC,23,atom
CCCSc1nc(N,80,ring
[C@@H]2C[C@H]2,80,ionic
nnn(,80,atom
[C@H](OCC,80,ionic
[C@](C)(O,10,ionic
[C@H]1CC[C@]2(C),18,ionic
[C@@H]1[C@H](O),18,ionic
O[C@H](CO)[C@@H](O)[C@H](O)[C@H]4,20,ionic
O[C@@H]4O[C@H](CO)[C@@H](O)[C@H](O)[C@H]4,13,ionic
c3ccccc3C2=O)cc1,24,functional_group
CC(C)c1nc2,6,ring
Cc2cccs,8,atom
CN(C(=O)N,22,functional_group
c2cnc[nH]2)C(=O)N,5,functional_group
CC[n+]1,9,ionic
c2nc1,12,ring
c3ccnn,24,atom
CC(C)[C@@H]1CC,27,ionic
[C@@H](C)C[C@H]1,14,ionic
[C@]2(CO,8,ionic
[C@]9,8,ionic
[C@]%10,8,ionic
%11,8,atom
%12,8,atom
%13,8,atom
%14,8,atom
%,16,atom
%16,8,atom
%17,8,atom
%18,8,atom
%19,8,atom
%20,8,atom
%21,8,atom
%22,8,atom
%23,8,atom
%24,8,atom
%25,8,atom
%26,8,atom
%27,8,atom
%28,8,atom
%29,8,atom
%30,8,atom
%31,8,atom
%32,8,atom
%33,8,atom
%34,8,atom
%35,8,atom
%36,8,atom
%37,8,atom
%38,8,atom
[C@@H]%3,64,ionic
[C@@H]%30,8,ionic
[C@@H]%2,72,ionic
[C@@H]%20,8,ionic
[C@@H]%19,8,ionic
[C@@H]%18,8,ionic
[C@@H]%17,8,ionic
[C@@H]%16,8,ionic
[C@@H]%14,8,ionic
[C@@H]%13,8,ionic
[C@@H]%12,8,ionic
[C@@H]%11,8,ionic
[C@@H]%10,8,ionic
[C@@H]5O),8,ionic
c3ccccc3)C(=O)N,14,functional_group
(Cc3ccccc3,78,atom
CNc1cc(,10,ring
COc1ccc(S,10,ring
c2nc(N)n,10,atom
3CCOC,15,atom
P(=O)(OCC,10,functional_group
Cc2ccncc2,9,atom
ccc2n1,15,ring
c4ccc(OCC,8,atom
CC1(C)CC[C@@]2(CC,11,ionic
)OC1=O,11,functional_group
CC1(CC,5,ring
CC1=C(CC,5,functional_group
c3nc(C),5,atom
NC3=O),17,functional_group
c3cc(O)c(O)cc3,7,atom
CCc1o,34,ring
c4nccs4,8,atom
Nc1ncnc2c1ncn2C,5,ring
)C(=O)N[C@@H](CC(C)C)C(=O)N[C@@H](CCCCN,16,functional_group
cc(OC)ccc3,18,atom
CC(C)C[C@@H]1NC(=O),8,functional_group
[C@@H](CC(=O)O)NC(=O),8,functional_group
CN(Cc1,9,ring
FC(F)(F),9,atom
(C(=O)NC,19,functional_group
c4cc(Cl)cc(Cl)c4,19,atom
c2cc(F)c3,10,atom
cc3cc(,19,atom
3)C(=O)O),6,functional_group
[C@@H](N)CC(=O)O),8,functional_group
ccnc5,5,atom
CCNC2=O),12,functional_group
c2c([nH]c3ccccc2,8,ionic
cccc(CC,30,atom
c4cc(OC,14,atom
5CCCC,14,atom
NC(=O)[C@H](CCCNC(=N)N)NC(=O)[C@H](CC,6,functional_group
CNC(=N)N)NC(=O)C,6,functional_group
[C@@H](NC(=O)[C@H](CO),6,functional_group
NC(=O)[C@H](CO)NC(=O)[C@H](CC,12,functional_group
CNC(=N)N)NC(=O)[C@H](CCCNC(=N)N)NC(=O)[C@H](CC,6,functional_group
(C)C)NC(=O)[C@H](CO),6,functional_group
NC(=O)[C@H](CCCNC(=N)N)NC(=O),6,functional_group
[C@H](C)NC(=O),12,functional_group
O)C(=O)N[C@@H](Cc2ccccc2,6,functional_group
(C)C)NC(=O)C,6,functional_group
c1cccc(OC)c1,18,ring
c2ccc(O)c(C,7,atom
[C@H](C[C@@H](O),13,ionic
cnccc1,8,ring
Cc1ccc(Nc2,9,ring
c(Cl)cccc3Cl,9,atom
cc[n+](,11,ionic
cc(C#N)c(,9,atom
1CSC,9,atom
COc1ccc2[nH]cc(C,10,ionic
3)c(F)c1,11,ring
CC[C@@H]1C,16,ionic
c(Cl)c(,9,atom
4CCOCC4),9,atom
CCC(CC)N,6,atom
O)ccc1,29,ring
C)N,11,atom
)nc(O),21,atom
)c[nH]1,30,ionic
X,10,atom
[C@]1(C)CCC,11,ionic
Oc1ncn,21,ring
[se],38,ionic
)CCO2,8,atom
CN(C)CCC1,10,ring
(OC(=O)CC,10,functional_group
CCNCC(O),13,atom
CC(=O)c1cc(,4,functional_group
=C(S)N,10,functional_group
O[C@H]2CO,17,ionic
cccn12,9,ring
Cn3,5,atom
c4ncc[nH],12,ionic
)c4cccnc4,5,atom
Br.,10,atom
NC(=O)c2ccc(N,8,functional_group
3CCCN,8,atom
(C)CC3,8,atom
c1ccc2ccccc2,20,ring
c(ccn2,10,atom
C4CC4,22,atom
F)S(=O)(=O),6,functional_group
c2ccc(OC(F)(F)F)cc,8,atom
N1S(=O)(=O),8,functional_group
c1CC,13,ring
ccccc2cc1,17,ring
3CCC[C@@H]3,11,ionic
nc12)N,11,ring
c3nc4c(,11,atom
OC(=O)C(C,8,functional_group
CCc1ccc(CN,10,ring
c3cc(CC,19,atom
)cc(Br)c3,14,atom
cnc3c2,10,atom
c(F)cc2,12,atom
c(F)c(,19,atom
ncnn4,19,atom
CCCCNC(=O)c1,8,functional_group
csc(,8,atom
c1ccc2c(c1)[nH],17,ionic
CSc1ccc(C,18,ring
CN(C)C1,20,ring
c2ccc(NC(=O)N,7,functional_group
c4nc(N,11,atom
5CCOCC5)n,14,atom
(=C3,10,functional_group
c4ccc(Cl)cc,10,atom
CNC(=O)C[C@@H]1,12,functional_group
NC(=O)c2csc(,12,functional_group
c2ccccc2)NC(=O)C,16,functional_group
NC(=O)c2nc(s,12,functional_group
c2c(O)c1,6,ring
c4c(N,6,atom
)c5,22,atom
c(F)cccc5,6,atom
ccc45,156,atom
CC(C)CCC[C@@H](C)[C@H]1CC[C@H]2,13,ionic
N1)N,4,atom
[n+](C),6,ionic
NC(=O)[C@H]1CC,12,functional_group
CCN=C(S)N,12,functional_group
c2c3,12,atom
CCNc1nc(,31,ring
[C@@H]7CCCN7C(=O),9,functional_group
)c7ccccc7,9,atom
6)cc5,9,atom
CCCCCCNCC,4,atom
[C@H](CCC,4,ionic
O)C1=O,4,functional_group
N=C(S,13,functional_group
CCCCCN(CC,5,atom
CCNC(=S)N,11,functional_group
CCN(CC(=O)O)CCN(CC(=O)O),20,functional_group
c4ccccc4)C,9,atom
CN(C(=O)C1,7,functional_group
)C2(C)C,7,atom
(O)COC,9,atom
[C@H](COC(=O)N,9,functional_group
C(=O)CCC,11,functional_group
c2ccc3ccccc3n2,6,atom
(CCN(CC,14,atom
C[C@@]1(C,7,ionic
)CC(C,7,atom
NC(C)(C),8,atom
CO2,9,atom
CCc1ccc(N,18,ring
c2c(F)c(F)cc(F)c2,18,atom
[C@@H]3NC(=O),3,functional_group
CCCNC(=O)c1,18,functional_group
c2ccccc2C(=O)N1,9,functional_group
nnn(C),9,atom
O[C@H]1O[C@H](C,7,ionic
(C)C)cc,15,atom
(C)C)ccc2,15,atom
)cc1C(F)(F)F,13,ring
n4cncn,16,atom
COC(=O)[C@H](Cc1ccccc1)NC(=O),7,functional_group
)[C@H]3CC,7,ionic
nc4ccccc4,5,atom
(O)C(C)(C)C,9,atom
CC(C)c1cc(C(C)C)c(,8,ring
3)CC2,6,atom
CCN3CCCC,10,atom
2C3,10,atom
ccccc24),9,atom
CC(=O)C1=C(O),14,functional_group
c7n,7,atom
C4CCCC4)n,8,atom
C1=C2,12,functional_group
O=C1C=C,23,functional_group
c4cco,10,atom
OC(=O)c1ccc(C,4,functional_group
[C@@]23CC,18,ionic
[C@H]4[C@@](C)(CCC,7,ionic
CCCCc1c(,5,ring
O[C@H](CC,16,ionic
Oc1nc2ccccc2n1,7,ring
c3ccc(OC)cc3,11,atom
[C@]2(O,8,ionic
O3)C,8,atom
(C)C)NC(=O)[C@H](CC(C)C)NC(=O),8,functional_group
Cn1c(,7,ring
c3ccc(S,36,atom
CN1Cc2,16,atom
CC(C)C[C@@H](N,6,ionic
C(=O)OC(C)(C)C,43,functional_group
)c(C#N,9,atom
)C#N)cc1,18,ring
COC(=O)C[C@@H]1,8,functional_group
CCCCCCOc1,16,ring
)c3ccc(F)cc3,29,atom
O=C(CNC(=O)c1,11,functional_group
OCC1(C,7,ring
CCC(=O)N(CC,4,functional_group
c4ccccc4N,5,atom
CC(=O)NN=C1,11,functional_group
c3c4ccccc4,10,atom
CCc1ccc(O,8,ring
c2ccccc2)C(=O),8,functional_group
L,19,atom
O)c12,7,ring
Oc2cccnc2,6,atom
4)c1,11,ring
COc1ccc(C)cc1,14,ring
CCCC[C@]1(CC)CS(=O)(=O),9,functional_group
[C@H](OCc4ccccc4),6,ionic
[nH]ncc4,10,ionic
O)OC,8,atom
C(=O)C=CC,22,functional_group
[C@H](C)OC2=O,9,functional_group
)C3)cc1,6,ring
C(=O)O[C@H]2,25,functional_group
CCCN(C)C(=O),7,functional_group
Cc1occc1,9,ring
CCCCCCCCCC(=O)O,18,functional_group
CC(=O)Oc1ccc2,7,functional_group
[C@@H]2C[C@H]1CN2,7,ionic
Br)c2,15,atom
c2csc(C)n2,14,atom
C(=NCC,5,functional_group
2)NC,5,atom
[C@H]2C(=O)O),8,functional_group
[C@@H](O)CC[C@]4(C)[C@H]3CC[C@]12C,7,ionic
c3cnc4[nH],12,ionic
Cc1nn(C,4,ring
c4cccs4,6,atom
CC[C@H](C)[C@H](,15,ionic
ncnn3,7,atom
[C@H](N)C(=O)N1CC[C@H](F)C,12,functional_group
[C@H]1CC[C@@]2(C),10,ionic
c(cnn3,3,atom
c3ccc(F)cc3)c2,3,atom
CSc1nc2,15,ring
CCCc2c1,6,ring
CNC(=O)c1cc(Oc2ccc3,7,functional_group
ccc(Cl)c(C,7,atom
COc1cccc(OC)c1,34,ring
c4cc(O)ccc34),6,atom
NC(=O)O,10,functional_group
NC(=O)c1nn(,3,functional_group
Cc1cc(Cl)ccc1,10,ring
COCCOc1cc2,7,ring
[C@]4(C)[C@@]3,12,ionic
3CCSCC3,7,atom
)nn2)cc1,4,ring
sc(N,7,atom
)nc1C,7,ring
OC2=C,13,functional_group
[nH]n3,10,ionic
3CCC(N,13,atom
)c(OC)c2,8,atom
c1ncccc1,11,ring
Cc2cccs2,6,atom
c2ccc(Br)cc12,4,ring
CC1(C)CC(=O),28,functional_group
c2sc(N,8,atom
)c(C=O),5,functional_group
Cc1s,13,ring
c[n+](CC(=O),13,functional_group
CCNCC(O)CO,7,atom
c2cccc(C)c2,7,atom
c1cnc2,7,ring
5CCCCC,7,atom
CC(C)(Oc1ccc(Cl)cc,8,ring
c(OC(=O),28,functional_group
c3cc(O)c(O)c(O)c3,21,atom
O[C@H]4C,5,ionic
CCN(CCc2ccccc2)CC1,6,ring
cn(CC,7,atom
F)c3c2,19,atom
COP(=O),20,functional_group
[C@H]12),4,ionic
[C@@H]2CSSC,5,ionic
SSC[C@H](NC1=O)C(=O)N,5,functional_group
CSSC[C@H](NC(=O)[C@H](C,5,functional_group
c1ccc(O)cc1)NC(=O)[C@H](CC,15,functional_group
CC(=O)Nc1,9,functional_group
c(F)cccc3,9,atom
c(Cl)cc3,13,atom
C4=O),19,functional_group
c1ccc(Nc2n,12,ring
N[C@@H](Cc1ccccc1)C(=O)N,8,functional_group
c3ccc(Br,8,atom
2CCOCC2)C1=O),8,functional_group
OC(=O)CCC(=O)O),18,functional_group
CC(C)C[C@@H]1,4,ionic
S3(=O)=O),9,functional_group
=C(NC(=O),7,functional_group
c3ccc(F,10,atom
Cc2ccccc2)cc1,7,ring
NC[C@@H]1,7,ionic
CSc1ccccc1,5,ring
CN(C)c1,5,ring
P(=O)(N,15,functional_group
C(=O)C(C)(C)C,7,functional_group
c2ccc(CC(=O)N,5,functional_group
CC(=O)c1ccc(N,10,functional_group
CC2=O),10,functional_group
c3cccc4ccccc34,9,atom
NCCCC[C@H](NC(=O)[C@H](C,19,functional_group
)NC(=O)CN,13,functional_group
N)c1,8,ring
C2CCCC,39,atom
c2cccc3ccccc2,15,atom
occ(,8,atom
2CCN(CC(=O)N,12,functional_group
Cc1ccccc1OCC(=O)N,8,functional_group
)c3ccc(C(=O)N,8,functional_group
CC(=O)NS(=O)(=O),7,functional_group
[C@@H](OCC,7,ionic
CCNCCN,8,atom
5)c3,8,atom
c4ccc(Br)cc4,6,atom
onc1,17,ring
[C@@H]3O[C@H](CO)[C@@H](O)[C@H](O)[C@H]3,12,ionic
c4ccccc34)n,7,atom
CCOCCOCCOCCOCCOCC,24,atom
Cc1c(C(=O),15,functional_group
c2nccn2,8,atom
c2cccc(OCC,8,atom
NC(=O)N(CCCl)N,8,functional_group
(CCN(C)C,8,atom
c1co,21,ring
N)C(=O)N,19,functional_group
N)NC(=O)[C@H](CCN)NC(=O)[C@H](CC,19,functional_group
c2ccc(Cl)cc2Cl)c1,14,ring
)[nH]c3,18,ionic
c4ccc(F)cc4),10,atom
[C@@H]3CCCN3,19,ionic
CCCOc1ccc2,9,ring
(CCO,2,atom
[C@@H]4[C@@]5(C)CC[C@H](OC(=O)CC(C)(C)C(=O)O)C(C)(C),6,functional_group
c3cnc[nH],7,ionic
c3c(ccc4,15,atom
ccc34),15,atom
N[C@@H](CCC(=O)N,18,functional_group
c1ncn2c1,14,ring
c(Br)c2,21,atom
n(CC(=O)N,8,functional_group
C1=C(C),12,functional_group
4CCC(CC,6,atom
3c4ccccc4,8,atom
nc(NCCN,8,atom
[n+]([O-])c2,12,ionic
ncc(Br,12,atom
)NC(=O)[C@@H](NC(=O)[C@H](CCCN=C(N)N)NC(=O),5,functional_group
CN(C)CCS,10,atom
[C@H](C)C(=O),7,functional_group
CC(C)NC,16,atom
OCCn1,6,ring
[C@H]2COC(=O),10,functional_group
CNC(=S)N,16,functional_group
c5ccccc5c4,11,atom
CCN3CC,11,atom
)C2CCN(C,5,atom
c3ncc[nH],5,ionic
c(CCN,12,atom
c(OC)cc,6,atom
[C@@H]3[C@@H]2CC,14,ionic
c3ccc4c(C,10,atom
1Cc2,6,atom
)c2C1,19,ring
c2ccc(C)cc2)cc1,11,ring
c1cc(O)c2,5,ring
[C@@H]5[C@H](O)C,16,ionic
[C@@H](C(=O)O3),10,functional_group
cc4ccccc4,9,atom
2Cc3ccccc3,9,atom
COC(=O)[C@@H](NC(=O)[C@@H](NC(=O),7,functional_group
[C@@H]2CCCCN2C(=O),5,functional_group
CCOC(=O)[C@H](C)N,15,functional_group
C3CC3)n,7,atom
1CCOCC1)C,22,ring
1)C(=O)NC,22,functional_group
)c2ccc(cc2,8,atom
OCCCCC,8,atom
=N\C,13,functional_group
=CC=C2,13,functional_group
O)n2,11,atom
CCCCCCC(=O)NO,7,functional_group
[C@H](CC(C)C)NC(=O)[C@H](C,4,functional_group
(C)C(=O)[C@H](C,4,functional_group
2CCC[C@H]2C,9,ionic
c4ccc(Cl)s,4,atom
CCCCC#,11,atom
c3ccc4c(cnn4C,7,atom
N2C1=O),6,functional_group
C(=CC,8,functional_group
CC[C@H](C)[C@H](NC(=O)[C@H](C,16,functional_group
)NC(=O)[C@H](CCCCN)NC(=O)[C@H](CC,10,functional_group
[C@@H](NC(=O)[C@H](C)NC(=O)[C@H](CC,20,functional_group
CCN)NC(=O)[C@H](C)NC(=O)[C@H](CC,10,functional_group
(C)C)NC(=O)[C@H](CCCNC(=N)N)NC(=O),10,functional_group
(=O)O)NC(=O)[C@H](CO)NC(=O),10,functional_group
Sc2nnc(,11,atom
[C@H](N(C)C(=O),9,functional_group
S=C=N,13,functional_group
COc1ccc(NC(=O)N,8,functional_group
C[N+](C)(CCCCCC,6,ionic
c2c(ncn2,5,atom
CC(=O)O[C@@]12,15,functional_group
[C@]4(O),9,ionic
[C@@H]2CCCC[C@H]2,7,ionic
)c(NC(=O),7,functional_group
c2)N,13,atom
F)ccc(,19,atom
(N2C(=O),7,functional_group
CCC2=O),7,functional_group
NC(=O)N1CCC,3,functional_group
2CN,9,atom
c1ccc(C)c(,3,ring
c(O)ccc(,11,atom
COc1ccc2nc3cc(Cl)ccc3c(N,11,ring
c3cc(CN,11,atom
)c(O)c(CN,11,atom
O[C@H](CO)[C@H](O)[C@H](O)[C@H]1O),7,ionic
CN1C2,10,atom
C(=O)c3ccccc3,10,functional_group
CN1C(=O)O,9,functional_group
Cc1nn(C)c2,4,ring
cc(I,11,atom
[C@@H]2[C@@H]1,3,ionic
CCn1nccc1,13,ring
cnn3,8,atom
)cc(Br,9,atom
2CCCCC2)N,8,atom
CCN(CC)c1ccc(,7,ring
CCCCc1nc(,10,ring
CN(CC)CC,16,atom
c4ccc(F)cc4)C(=O),9,functional_group
COc1ccc2c(C,12,ring
(=S)N,27,functional_group
N(CC(=O)N,9,functional_group
[NH,7,ionic
[n+](CC,8,ionic
COc1ccc(NC,6,ring
CC1CCCO,5,ring
CNC(=O)OC,10,functional_group
CCC1CC,18,ring
CCOC(=O)c1cc2,9,functional_group
CC(C)C[C@H]1,10,ionic
Cc1ccc(NC(=S)N,7,functional_group
C(=N)C,7,functional_group
[C@H](SC,9,ionic
2)(,12,atom
O[C@H]1O,8,ionic
c2cccc(CC,14,atom
n2cnnn2,9,atom
CCCCCNC(=O)N,14,functional_group
[C@@H]1O)C(=O)O,9,functional_group
c3ccc(F)cc3F),8,atom
)C2CCN(CC,13,atom
c2ccc(CC,3,atom
On1,8,ring
c2ccc(CC(=O)O)cc2,8,functional_group
c2noc(,27,atom
CCc1cc(CC,8,ring
c4nc(C)cc(C),8,atom
n4n3,8,atom
)cc(CC,8,atom
c3nccs3,12,atom
CC(C)(C)OC(=O),5,functional_group
c3co,7,atom
CC[C@H](C)[C@H](NC(=O)[C@H](Cc1ccccc1)NC(=O)[C@H](CCC(=O)O)NC(=O)[C@H](CCCCN),8,functional_group
)C(=O)NC(C)(C),8,functional_group
)sc2c1,8,ring
c5cc(F)cc(,6,atom
)cc34,6,atom
CC(C)c1ccc(CN,4,ring
COC(=O)c1cc(,15,functional_group
CCCCC),7,atom
CCN(CC)CCN(C,11,atom
Cn1c(SC,11,ring
CC(=O)OCC(=O)N,8,functional_group
c2c1cccc2,7,ring
c1ccc(OCCC,8,ring
[67Ga+3],14,ionic
C[C@]12CC[C@@H](O),12,ionic
CCCCNC(=O)N,9,functional_group
CCOCCOCCNS(=O)(=O),9,functional_group
CN(C)Cc5,9,atom
cc(C)nc2,17,atom
[C@@H](N)C[C@@H](N),10,ionic
c1c[nH]c2ccccc12)NC(=O),10,functional_group
CN2CCN(CC,15,atom
)C(=O)N[C@@H](CCCCN)C(=O)N[C@@H]([C@@H](C)O)C(=O)N,15,functional_group
FC(F)(F)c1ccc(,5,ring
ccnn4,5,atom
n2cncc2,10,atom
)NC(=O)OC(C)(C)C,14,functional_group
)c(O)c2,13,atom
c1cccc(O,9,ring
P(=O)(O)O)c2n1,9,functional_group
c2cccc(C(=O)N(C)C)c2,9,functional_group
3C2,6,atom
[NH4+].[NH4+].,9,ionic
C[C@@H]1CC[C@@H](C,8,ionic
N(Cc2ccccc2)C,8,atom
2CCCC2)C(=O),9,functional_group
CCN1CCC(C,13,atom
N1C(=O)N(C,9,functional_group
N(c3ccccc3,5,atom
S=C(N,8,functional_group
[C@@H]2C[C@@H](O),22,ionic
CN(CC(=O)N,5,functional_group
c1cccnc1)N,11,ring
cc[n+]([O-],9,ionic
CCCC(=O)N1,9,functional_group
[C@]12CCC(C)(C)C,12,ionic
C(=O)C=C3,12,functional_group
[C@H]4C(C)(C),12,ionic
c2nc3ccccc3n2C,5,atom
CC(C)Oc1,19,ring
cccc(CC(=O)N,11,functional_group
CC(=O)N[C@@H](CCCNC(=N)N)C(=O)N[C@H]1,8,functional_group
c2cnc[nH]2)NC(=O),8,functional_group
c2ccc(Br)cc2)cc1,8,ring
c2ccc3c(ccn3C,7,atom
CO[C@H]1O,45,ionic
[C@H]2[C@@H](C,9,ionic
c3ccc(F)c(Cl)c3)c2cc1,10,ring
CC(C)C[C@H](O)[C@H](O),13,ionic
Nc2ncc(,6,atom
[C@@H]4C=C,6,functional_group
NC(=O)c2cccs,11,functional_group
[C@H](O)CNC,6,ionic
CCC2(CC1,7,ring
(CC(=O)NC,11,functional_group
F)ccc1,8,ring
NC(=O)c1ccc(C,8,functional_group
c4ccccc2,8,atom
C)cc1,10,ring
2CCCCC2)C(=O),6,functional_group
c4c2,8,atom
=C1C,17,functional_group
(C=C,10,functional_group
)C4=C,4,functional_group
C[C@H](CCCC(C)(C)O),8,ionic
ccncc3,4,atom
SC(,9,atom
(CCN(C)CC,8,atom
[C@@](C)(O,5,ionic
Cc1cccn2,7,ring
[C@H]2OCC,7,ionic
cc(C)c(C)cc2,6,atom
Oc3cccc(,8,atom
c2cc(I,15,atom
CCCCCCCN,7,atom
C(=O)N[C@H](C),9,functional_group
)cc(C(=O)N,10,functional_group
c(C)cc(C),10,atom
(O)(C(F)(F)F,9,atom
c(N)c(,7,atom
)N2C(=O),7,functional_group
sc(N)n,14,atom
C1(O),8,ring
NC(=N)S,8,functional_group
CN(C)CCN1C(=O),8,functional_group
c2ccccc2N(C,68,atom
c3c(cnn3C,13,atom
c3cc(I,10,atom
I)c2,16,atom
ccc(Cl)c2,6,atom
Cn1n,13,ring
cc(Cl)c1,13,ring
CCCCCCCCCCCCCCCCCC,6,atom
C[N+](C)(C)C,15,ionic
[C@H](OC(=O)N,5,functional_group
c4ncccc4,5,atom
ncsc3c2,7,atom
)n2C)cc1,10,ring
NCc2ccccc2,7,atom
[C@@H]2CN,11,ionic
(O1),28,atom
CC[C@H](O),8,ionic
6(C)CC,8,atom
)c3o,8,atom
CCNCC3,5,atom
Cc1ccc(Cn2,13,ring
[C@H]2C3,6,ionic
2CCC3(CC2),10,atom
OCCNC(=O),4,functional_group
c2ccccc2)ccc1,8,ring
CCC(CC)C(=O)N,11,functional_group
c2ccc[nH],7,ionic
2)ccc1O,15,ring
ccc3[nH],13,ionic
CC(F)(F)F),11,atom
c4cccc(O)c4,11,atom
[C@@H](N)Cc2ccc(O)cc2,2,ionic
Cc1cc(O)cc(C)c1,16,ring
CC(C)(N)C(=O)N[C@H](C,9,functional_group
C(CC(=O)O),3,functional_group
c(OC)cc2,3,atom
CC(C)C[C@H](NC(=O)C,5,functional_group
)NC(=O)CNC(=O),5,functional_group
OCCOCCO,14,atom
)c5c4,6,atom
(CCN3C),6,atom
ncccc2,73,atom
c4cc(O)c(O)cc4,6,atom
Nc1ccccc1NC(=O),7,functional_group
OC(=O)CCCC,14,functional_group
CCC(N)C,7,atom
O=S1(=O)N,16,functional_group
c2nc(ncc2,8,atom
[nH]c(C(=O),6,functional_group
Cn1cc(CN,7,ring
OC[C@H]1C,9,ionic
[C@@H](NC(=O)[C@H](CC(C)C),18,functional_group
CCOC(,4,atom
)[C@H](CC,4,ionic
[C@@H](NC(=O)[C@H](C),9,functional_group
cc(C)o,9,atom
CCOc1cccc(,8,ring
2CCC3(CC2)C,7,atom
Oc2ccc(CN,14,atom
[Gd,6,metal
nc(C)cc(C),9,atom
CC(CO),19,atom
c1cc(CN,7,ring
[C@@H](N)C(=O)N,20,functional_group
CC(C)(C)c1,9,ring
CS(=O)(=O)Nc1ccc2,10,functional_group
ncc4,19,atom
Cl)c3,10,atom
cc(F)cc(,15,atom
c1nccc2,9,ring
n3cncn,9,atom
c1ccccc1)S(=O)(=O),10,functional_group
CCOc1ccc(N,3,ring
2C[C@H](C,6,ionic
COc1cc2ncc3,8,ring
c4c(C,8,atom
CCOC(=O)c1ccccc1,14,functional_group
N(CC)CC,14,atom
3CCC(C,7,atom
[C@H]2CNC,12,ionic
Cc2ccc(Cl)cc2,8,atom
c1cc(OC)c(OC)c(OC,12,ring
FC(F)(F)c1ccc(C,8,ring
CC(C)[C@@H](NC(=O),10,functional_group
(=O)C,10,functional_group
[N+](=O),6,functional_group
[C@@H]3O[C@H](CO)[C@@H](O)[C@H]3,13,ionic
cnn(C)c4,9,atom
(C(F)(F)F)C(F)(F)F,5,atom
c(NC4CC4)n,10,atom
c(nc23)N,10,atom
c2cccc(c2)N,10,atom
C(=O)C1,9,functional_group
[C@](CO),7,ionic
CCOCC(=O)N,10,functional_group
c1cnc(,10,ring
n(CCN,8,atom
Oc4ccc(C,3,atom
CCc1c(C,4,ring
=NN,4,functional_group
c3sc(C,11,atom
2CCC2,3,atom
NC(=N)NCCC[C@@H]1,11,functional_group
O[C@@H]3O[C@H](CO)[C@@H](O)[C@H](O)[C@H]3O),10,ionic
c2csc(N,7,atom
Cn1ncc2,8,ring
c(NC(=O)N,8,functional_group
c5ccc6,9,atom
ccc7,9,atom
CO[C@@H]1CC,6,ionic
)c4ncccc4,6,atom
1)C3,6,atom
ccnc1,10,ring
[C@@H]1CCC(=O)N,12,functional_group
I)cc(,6,atom
c2c(Cl)cc(Cl)cc2,11,atom
OP(=O)([O-])OCC[N+](C)(C)C,13,functional_group
SC(=O)NC4=O)cc3,12,functional_group
c4c(Cl)cccc4,5,atom
NC(=O)c2cc(NC(=O)c3cc(,8,functional_group
NC=O),8,functional_group
)cn2C,8,atom
C(=O)NCCCN,8,functional_group
COc1ccc2ccccc2c1,5,ring
)[C@@H](O)C,6,ionic
)c2nc(C),7,atom
nc3ccccc23)cc1,7,ring
n3cccc3,5,atom
)c4cncn,7,atom
O=C(CS,13,functional_group
CC(=O)OC[C@H]1O,7,functional_group
COCCCN,4,atom
CCN(CC)CCCN,12,atom
cccc(NC(=O),6,functional_group
CC(OC(=O),6,functional_group
)(C(F)(F)F)C(F)(F)F,6,atom
OC5=O),8,functional_group
O[C@H]2CC,5,ionic
Oc2n,5,atom
NC(=O)[C@H]2,6,functional_group
c3ccccc3)ccc12,5,ring
c(C)cc2,17,atom
CC(C)c1cc2,8,ring
)c(Cl)cc3,9,atom
C23CC4CC(CC(C4)C2)C3,7,atom
C=C(C)C(=O),10,functional_group
CC(C)CC(N,7,atom
c(C)[nH],10,ionic
cnccc4,10,atom
N3CCN(C,6,atom
c5ccccc5)c4,6,atom
CN(C)c1n,4,ring
O[C@@H]1CO,6,ionic
NC(=O)[C@H](CCCCN)NC(=O),24,functional_group
Clc1ccc2c(N,7,ring
CN4,7,atom
c5ccn,7,atom
c6cc(Cl)ccc5,7,atom
[C@@H]4C[C@H]3,8,ionic
[C@H]2C1=O),8,functional_group
[2H]C([2H])([2H],17,ionic
[2H])([2H]),31,ionic
[2H],22,ionic
Nc2ncc3,5,atom
n(C)c3,5,atom
C3CCN(C,4,atom
[C@H](O)C3,3,ionic
c2c[nH]c3ccccc23)C(=O)N,8,functional_group
4CC(C,6,atom
c1ccnc2cc(Cl)ccc12,6,ring
)c(OCC(=O)N,8,functional_group
nc(OC,8,atom
CC(=O)Nc1cccc2,6,functional_group
C[C@@H]1CCCN1CC,10,ionic
CC1=C(N,8,functional_group
2CC2)C(=O),8,functional_group
[C@]3(C)[C@H]4CC,9,ionic
)NC(=O)[C@H](CO)NC(=O)[C@@H](C,8,functional_group
N[C@@H](Cc1ccc(O)cc1,6,ionic
c1ccc(CNC(=O)N,8,functional_group
C23CC4CC(CC(C4)C2)C3)cc1,8,ring
COC2,8,atom
)C(=O)O)cc3,11,functional_group
[C@@H](OC1=O),8,functional_group
[C@@]35,8,ionic
[C@@H]1C[C@@H]2CCCC[C@@H]2,8,ionic
I)cc,7,atom
4CCNCC4)n,10,atom
[C@@H](C)C(=O)N[C@@H](CC,12,functional_group
)C(=O)N[C@@H](CCCNC(=N)N)C(=O)N[C@@H](CCCCN)C(=O)N,12,functional_group
C(=O)N[C@@H](CC(C)C)C(=O)N[C@@H](C,12,functional_group
[C@@H](C)C(=O)N[C@@H](CCCNC(=N)N,36,functional_group
)C(=O)N[C@@H](CC(C)C)C(=O)N[C@@H](CC(C)C,12,functional_group
CN(CCN1,5,atom
C2=C(C(=O),5,functional_group
)C(=O)N(C,6,functional_group
N[C@H](COc1cn,20,ionic
CC3=N,10,functional_group
=CC3,10,functional_group
[C@H]1[C@@H](C,10,ionic
c5c6,8,atom
cccc(Cl)c6,8,atom
[nH]c5,8,ionic
cc[n+](CC,3,ionic
)N3C(=O),3,functional_group
Oc3cccnc3,3,atom
oc3,8,atom
CCCCN(CCCC)C(=O),6,functional_group
(CC2,6,atom
NC(=O)NCC,6,functional_group
c1cccc2cccnc1,14,ring
[14C,5,ionic
c2cccc(OC,12,atom
CCN(Cc1ccccc1)C(=O),8,functional_group
c3ccccc3)nc2,8,atom
c2cncnc2,9,atom
c5ccccc5)n,10,atom
[S+]([O-])C,7,ionic
[C@@H]6CCCN6C(=O),9,functional_group
c5cc4,9,atom
)c(F)c3,9,atom
c2ccn(,11,atom
(C)C)C(C)C)C(=O)N,3,functional_group
c1nc2ccccc2n1,10,ring
O[C@H]1O[C@H](CO)[C@H](O)[C@H](O)[C@H]1O),6,ionic
(C)CC2,7,atom
CC(C)Nc1n,4,ring
)C(=O)O)cc1,2,functional_group
=CC2=C,5,functional_group
3C(=O)c4ccccc4C3=O),5,functional_group
COc1ccc(C[C@H]2,6,ionic
ncc(CN,5,atom
CNC(=O)[C@@H]1C,13,functional_group
)C(=O)N[C@@H](CCCNC(=N)N)C(=O)N[C@@H](CCCNC(=N)N)C(=O)N[C@@H](CCCNC(=N)N)C(=O)N[C@@H](CCCNC(=N)N,16,functional_group
CC(C)Nc1cc(,9,ring
ccccc12)N,4,ring
ccccn2c1,8,ring
[C@H]2[C@@H]3CC[C@H]4C,7,ionic
)C(CN,8,atom
[P+],4,ionic
F)n,7,atom
Cc4ccccc4,7,atom
c4ccccc4C,7,atom
CCN2CC,17,atom
c5n,7,atom
CC(C)[C@H](NC(=O)N,6,functional_group
2)[C@H]1,6,ionic
)C(=O)C(C)(C),9,functional_group
O[C@@H]4C,8,ionic
[C@]35,8,ionic
Nc1nc(C,11,ring
)C3=C,7,functional_group
c2ccc3nnc(,7,atom
SCCO),7,atom
c2ccc(O)c(Cl)c2,12,atom
CC[N+]1,4,ionic
=CC3=C,9,functional_group
ccc6,7,atom
7C(=O),7,functional_group
[nH]c6,7,ionic
[nH]2)N,7,ionic
OC2=O)c1,4,functional_group
CCCN3,8,atom
c2ccc3ccccc3c2)c1,10,ring
SCCC(=O)N,10,functional_group
C)n,7,atom
CCCCc1,7,ring
CN(C3)C(=O),7,functional_group
c2cnc(,5,atom
c4c(OC,8,atom
[C@H](CNC(=O),17,functional_group
)N3,8,atom
CC[C@H]1O,8,ionic
C)O,8,atom
[C@@H]2C[C@@H]3,4,ionic
cc(c4,4,atom
[C@@H]3CCCN3C(=O),4,functional_group
(C)(C)c3,8,atom
OCC4,15,atom
)C(F)(F)F)cc,8,atom
COc1cccc(CC,9,ring
[S+]([O-])c2nc3,11,ionic
CC[C@H]1OC(=O),7,functional_group
(F)C(=O),7,functional_group
c4cccc(N)c4,7,atom
2C(O),13,atom
COC(=O)[C@@H]1C,13,functional_group
[C@H]2[C@@]1(C)CC,4,ionic
c3cco,4,atom
c2cc1O,4,ring
3)c(Cl)c1,9,ring
[C@H](O)[C@@H](N)C,5,ionic
Cc1nc(CN,6,ring
c(F)c(F),12,atom
c2c(Cl)cccc2,10,atom
c2c3ccccc3,5,atom
c(Br)c3,5,atom
c(C)c(C)c2,12,atom
2CCC(CC,10,atom
nnc(S,10,atom
CC5,9,atom
5=O),9,functional_group
C(=O)N1CC,6,functional_group
[C@@H](O)[C@H](C),14,ionic
CCOC(=O)C1=,6,functional_group
)C(=O)N[C@@H](CCCCN)C(=O)O,7,functional_group
C)CC,7,atom
c2cccc(CN,12,atom
Oc3cc(O)ccc3,10,atom
)c(C)cc1,9,ring
NC(=O)N(CCCl)N=O,10,functional_group
C(=O)C3,5,functional_group
(C)C(O),12,atom
CC(C)S,8,atom
)CC(=O)N,4,functional_group
CCn1c(C,11,ring
C[C@H]1CCCN1,7,ionic
CCCCc1ccc(,15,ring
c2ccc(O)c(c2,6,atom
C=C(OC,9,functional_group
ccn(CC,8,atom
C3CCNCC,7,atom
)c(c3,6,atom
)C(=C1,6,functional_group
s2)C,2,atom
OC(F)(F),2,atom
[C@@H]1[C@@H]2,6,ionic
Oc1ccc(cc1)C,7,ring
=CCO,11,functional_group
5CC5),3,atom
[C@@H](Cc3ccc(O)cc3,3,ionic
C=CCN1,6,functional_group
C(=O)N(CC=C,6,functional_group
nc(C)c,5,atom
N[C@@]1(C,9,ionic
\C=C\[C@@H](C),3,functional_group
[C@H]1OC(=O)C,3,functional_group
2)/,3,atom
CCOC(=O)c1ccc(N,15,functional_group
Oc2ccc(NC(=O),7,functional_group
)c4ccc(O)cc4,11,atom
)O[C@@H]1,5,ionic
C4CCC,6,atom
C[C@@H]1CN(C,9,ionic
CCN2CCOCC2,11,atom
F)c2n1,11,ring
[N+](=O)[O-])C(=O)N,7,functional_group
N[C@@H](,13,ionic
CCOC1,6,ring
)c4cccc(Cl)c4,6,atom
c3ccc(Cl)s,5,atom
n2nc(C)cc2,6,atom
(SC,7,atom
c(nc(N,7,atom
NC5,7,atom
CSCCC(N,8,atom
(F)(F)C1,8,ring
)c(O)c3,4,atom
CCCCN1C(=O),6,functional_group
[C@@H]([C@H](O),6,ionic
C12CCN(C,6,ring
c3cc[nH]n3,6,ionic
Oc1ccccc1C(=O)N,5,functional_group
[C@@H](NC(=O)CNC(=O),4,functional_group
C(C)C)C(=O)N,4,functional_group
2)C(=O)NCC,4,functional_group
CCNC(=O)OC(C)(C)C,7,functional_group
C[C@H]1CN(CC,9,ionic
CCCCCCNC,9,atom
c3ccccc3)nc(N,8,atom
Cc2c[nH],4,ionic
OCC(N,6,atom
C1CO,4,ring
Cc1ccccc1)N,5,ring
O=C1C=C(N,6,functional_group
CCC(CC)O[C@@H]1,9,ionic
)C(=O)N[C@@H](Cc1c[nH]c2ccccc12,9,functional_group
)C(=O)N[C@@H](CCCCN)C(=O)N[C@@H](CCCCN,9,functional_group
)C(=O)N[C@@H](CCCCNC(=O),6,functional_group
S(=O)(=O)C3,3,functional_group
c4cnn(C,5,atom
C[C@@H]1CN(CC,4,ionic
2(C,4,atom
)n(C)n1,8,ring
c5ccc(Cl)cc5,3,atom
\C=C/C(=O)N,5,functional_group
[C@H]([C@@H](C)O)C(=O)N,10,functional_group
O)C(=O)N[C@H](C,5,functional_group
n2c1n,4,ring
)c(Br)c(Br,4,atom
[C@H](CC1CCCCC1,8,ionic
c1cccc(C)c1,7,ring
c1ccc(F)cc1)C(=O),7,functional_group
c4cnccn4,10,atom
C(=O)O2,8,functional_group
c(Cl)cc(N,4,atom
c2cc3ccccc3cc2,5,atom
)c(Cl)cc1C(=O)N,7,functional_group
CC1CN(C,7,ring
(CCC),6,atom
CCC2(CCN(CC,6,atom
C(=O)O)/,5,functional_group
CN(C)CCNC(=O)c1cccc2,3,functional_group
[C@@H](CO)NC(=O)CNC(=O)[C@H](CC,6,functional_group
CCCCC(CC,4,atom
c(N)c1,15,ring
CCc1c(CC,9,ring
3CCCO,9,atom
#N)N,6,atom
NCCCNCCCCN,8,atom
CC(C)C[C@H](NC(=O)[C@@H](NC(=O),7,functional_group
COc1cc(NS(=O)(=O),5,functional_group
)nc(OC)n1,5,ring
#Cc1ccccc1,5,ring
C1Cc2,6,ring
CCNC1=O),6,functional_group
[C@]3(CO),3,ionic
C(=O)O)c3,8,functional_group
CCCCC[C@@H]1,8,ionic
S(=O)(=O)c1ccc2,6,functional_group
cc(Cl)ccc2c1,7,ring
[C@@H]2SC,3,ionic
[C@@H]3NC(=O)N,3,functional_group
)c3c(,3,atom
COC(=O)C[C@H]1,6,functional_group
[2H]C(,5,ionic
c3c(o,7,atom
CCCn1ccnc1,4,ring
)(O,7,atom
[Cd,2,ionic
2C=N,4,functional_group
C(C)C)C(C)C,8,atom
)c4ccccc4Cl,4,atom
CN1C(=O)N(,4,functional_group
c(N)c3,7,atom
ncs,6,atom
[C@@H]2C[C@@H]3C,4,ionic
C3=C(O),4,functional_group
c4nn[nH]n4,4,ionic
c(ccn,8,atom
ncc(C(=O),3,functional_group
OCC(=O)OC,8,functional_group
CC[C@H](C)[C@@H]1NC(=O)[C@H](C,7,functional_group
c2ccc(OC)cc,7,atom
C(=O)N[C@@H](CC(C)C)C(=O)N,7,functional_group
c2cc(C),1,atom
CCCCN1CC,4,atom
2CCC(CNC(=O),5,functional_group
Oc1ccc(N,4,ring
COC(C,5,atom
cc(F)ccc4,2,atom
)c(NS(=O)(=O),3,functional_group
)cc2Cl)c1,3,ring
3)C(=O)O,5,functional_group
C[C@@H]1O[C@@H](O[C@H]2,5,ionic
c(O)c4,5,atom
c1c(CC,5,ring
)[C@H](O)[C@H]1O,3,ionic
c1c[nH]c(,2,ionic
=CC=CC,140,functional_group
OC(=O)Cc1,27,functional_group
NC1=NC(=O)N(C=C1),424,functional_group
(ccc1,7,ring
=CC=C(C,21,functional_group
=CC(=,122,functional_group
ccc(cc1),15,ring
(ccc3,8,ring
2CCN(CC2)C,15,ring
(CCC1,7,ring
OC(Cn1,260,ring